[[1;34mINFO[m] Scanning for projects...
[[1;34mINFO[m] 
[[1;34mINFO[m] [1m----------< [0;36mio.github.hiwepy:aliyun-ons-spring-boot-starter[0;1m >----------[m
[[1;34mINFO[m] [1mBuilding io.github.hiwepy:aliyun-ons-spring-boot-starter 2.3.x.20240823.RELEASE[m
[[1;34mINFO[m] [1m--------------------------------[ jar ]---------------------------------[m
Downloading from aiban-tianyin-core: https://aiban-maven.pkg.coding.net/repository/tianyin/core/com/aliyun/openservices/ons-client/1.8.8.1.Final/ons-client-1.8.8.1.Final.pom
Progress (1): 4.1 kB
Progress (1): 8.2 kB
Progress (1): 12 kB 
Progress (1): 13 kB
                   
Downloaded from aiban-tianyin-core: https://aiban-maven.pkg.coding.net/repository/tianyin/core/com/aliyun/openservices/ons-client/1.8.8.1.Final/ons-client-1.8.8.1.Final.pom (13 kB at 17 kB/s)
Downloading from aiban-tianyin-core: https://aiban-maven.pkg.coding.net/repository/tianyin/core/com/aliyun/openservices/ons-client-all/1.8.8.1.Final/ons-client-all-1.8.8.1.Final.pom
Progress (1): 2.6 kB
Progress (1): 6.7 kB
Progress (1): 11 kB 
Progress (1): 14 kB
Progress (1): 15 kB
                   
Downloaded from aiban-tianyin-core: https://aiban-maven.pkg.coding.net/repository/tianyin/core/com/aliyun/openservices/ons-client-all/1.8.8.1.Final/ons-client-all-1.8.8.1.Final.pom (15 kB at 39 kB/s)
Downloading from aiban-tianyin-core: https://aiban-maven.pkg.coding.net/repository/tianyin/core/com/aliyun/openservices/ons-parent/1.8.8.1.Final/ons-parent-1.8.8.1.Final.pom
Progress (1): 4.0 kB
Progress (1): 8.1 kB
Progress (1): 12 kB 
Progress (1): 16 kB
                   
Downloaded from aiban-tianyin-core: https://aiban-maven.pkg.coding.net/repository/tianyin/core/com/aliyun/openservices/ons-parent/1.8.8.1.Final/ons-parent-1.8.8.1.Final.pom (16 kB at 37 kB/s)
Downloading from aiban-tianyin-core: https://aiban-maven.pkg.coding.net/repository/tianyin/core/com/aliyun/openservices/ons-client/1.8.8.1.Final/ons-client-1.8.8.1.Final.jar
Progress (1): 4.1 kB
Progress (1): 8.2 kB
Progress (1): 12 kB 
Progress (1): 16 kB
Progress (1): 20 kB
Progress (1): 23 kB
Progress (1): 27 kB
Progress (1): 31 kB
Progress (1): 36 kB
Progress (1): 40 kB
Progress (1): 43 kB
Progress (1): 46 kB
Progress (1): 50 kB
Progress (1): 54 kB
Progress (1): 57 kB
Progress (1): 61 kB
Progress (1): 65 kB
Progress (1): 69 kB
Progress (1): 73 kB
Progress (1): 77 kB
Progress (1): 81 kB
Progress (1): 85 kB
Progress (1): 89 kB
Progress (1): 94 kB
Progress (1): 98 kB
Progress (1): 102 kB
Progress (1): 106 kB
Progress (1): 110 kB
Progress (1): 114 kB
Progress (1): 118 kB
Progress (1): 122 kB
Progress (1): 126 kB
Progress (1): 130 kB
Progress (1): 135 kB
Progress (1): 139 kB
Progress (1): 143 kB
Progress (1): 147 kB
Progress (1): 151 kB
Progress (1): 155 kB
Progress (1): 159 kB
Progress (1): 163 kB
Progress (1): 167 kB
Progress (1): 171 kB
Progress (1): 175 kB
Progress (1): 180 kB
Progress (1): 184 kB
Progress (1): 188 kB
Progress (1): 192 kB
Progress (1): 196 kB
Progress (1): 200 kB
Progress (1): 204 kB
Progress (1): 208 kB
Progress (1): 212 kB
Progress (1): 216 kB
Progress (1): 221 kB
Progress (1): 225 kB
Progress (1): 229 kB
Progress (1): 233 kB
Progress (1): 237 kB
Progress (1): 241 kB
Progress (1): 245 kB
Progress (1): 249 kB
Progress (1): 253 kB
Progress (1): 257 kB
Progress (1): 262 kB
Progress (1): 266 kB
Progress (1): 270 kB
Progress (1): 274 kB
Progress (1): 278 kB
Progress (1): 282 kB
Progress (1): 286 kB
Progress (1): 290 kB
Progress (1): 294 kB
Progress (1): 298 kB
Progress (1): 302 kB
Progress (1): 307 kB
Progress (1): 311 kB
Progress (1): 315 kB
Progress (1): 319 kB
Progress (1): 323 kB
Progress (1): 327 kB
Progress (1): 331 kB
Progress (1): 335 kB
Progress (1): 339 kB
Progress (1): 343 kB
Progress (1): 348 kB
Progress (1): 352 kB
Progress (1): 356 kB
Progress (1): 360 kB
Progress (1): 364 kB
Progress (1): 368 kB
Progress (1): 372 kB
Progress (1): 376 kB
Progress (1): 380 kB
Progress (1): 384 kB
Progress (1): 388 kB
Progress (1): 393 kB
Progress (1): 397 kB
Progress (1): 401 kB
Progress (1): 405 kB
Progress (1): 409 kB
Progress (1): 413 kB
Progress (1): 417 kB
Progress (1): 421 kB
Progress (1): 425 kB
Progress (1): 429 kB
Progress (1): 434 kB
Progress (1): 438 kB
Progress (1): 442 kB
Progress (1): 446 kB
Progress (1): 450 kB
Progress (1): 454 kB
Progress (1): 458 kB
Progress (1): 462 kB
Progress (1): 466 kB
Progress (1): 470 kB
Progress (1): 474 kB
Progress (1): 479 kB
Progress (1): 483 kB
Progress (1): 487 kB
Progress (1): 491 kB
Progress (1): 495 kB
Progress (1): 499 kB
Progress (1): 503 kB
Progress (1): 507 kB
Progress (1): 511 kB
Progress (1): 515 kB
Progress (1): 520 kB
Progress (1): 524 kB
Progress (1): 528 kB
Progress (1): 532 kB
Progress (1): 536 kB
Progress (1): 540 kB
Progress (1): 544 kB
Progress (1): 548 kB
Progress (1): 552 kB
Progress (1): 556 kB
Progress (1): 561 kB
Progress (1): 565 kB
Progress (1): 569 kB
Progress (1): 573 kB
Progress (1): 577 kB
Progress (1): 581 kB
Progress (1): 585 kB
Progress (1): 589 kB
Progress (1): 593 kB
Progress (1): 597 kB
Progress (1): 601 kB
Progress (1): 606 kB
Progress (1): 610 kB
Progress (1): 614 kB
Progress (1): 618 kB
Progress (1): 622 kB
Progress (1): 626 kB
Progress (1): 630 kB
Progress (1): 634 kB
Progress (1): 638 kB
Progress (1): 642 kB
Progress (1): 647 kB
Progress (1): 651 kB
Progress (1): 655 kB
Progress (1): 659 kB
Progress (1): 663 kB
Progress (1): 667 kB
Progress (1): 671 kB
Progress (1): 675 kB
Progress (1): 679 kB
Progress (1): 683 kB
Progress (1): 687 kB
Progress (1): 692 kB
Progress (1): 696 kB
Progress (1): 700 kB
Progress (1): 704 kB
Progress (1): 708 kB
Progress (1): 712 kB
Progress (1): 716 kB
Progress (1): 720 kB
Progress (1): 724 kB
Progress (1): 728 kB
Progress (1): 733 kB
Progress (1): 737 kB
Progress (1): 741 kB
Progress (1): 745 kB
Progress (1): 749 kB
Progress (1): 753 kB
Progress (1): 757 kB
Progress (1): 761 kB
Progress (1): 765 kB
Progress (1): 769 kB
Progress (1): 773 kB
Progress (1): 778 kB
Progress (1): 782 kB
Progress (1): 786 kB
Progress (1): 790 kB
Progress (1): 794 kB
Progress (1): 798 kB
Progress (1): 802 kB
Progress (1): 806 kB
Progress (1): 810 kB
Progress (1): 814 kB
Progress (1): 819 kB
Progress (1): 823 kB
Progress (1): 827 kB
Progress (1): 831 kB
Progress (1): 835 kB
Progress (1): 839 kB
Progress (1): 843 kB
Progress (1): 847 kB
Progress (1): 851 kB
Progress (1): 855 kB
Progress (1): 859 kB
Progress (1): 864 kB
Progress (1): 868 kB
Progress (1): 872 kB
Progress (1): 876 kB
Progress (1): 880 kB
Progress (1): 884 kB
Progress (1): 888 kB
Progress (1): 892 kB
Progress (1): 896 kB
Progress (1): 900 kB
Progress (1): 905 kB
Progress (1): 909 kB
Progress (1): 913 kB
Progress (1): 917 kB
Progress (1): 921 kB
Progress (1): 925 kB
Progress (1): 929 kB
Progress (1): 933 kB
Progress (1): 937 kB
Progress (1): 941 kB
Progress (1): 945 kB
Progress (1): 950 kB
Progress (1): 954 kB
Progress (1): 958 kB
Progress (1): 962 kB
Progress (1): 966 kB
Progress (1): 970 kB
Progress (1): 974 kB
Progress (1): 978 kB
Progress (1): 982 kB
Progress (1): 986 kB
Progress (1): 991 kB
Progress (1): 995 kB
Progress (1): 999 kB
Progress (1): 1.0 MB
Progress (1): 1.0 MB
Progress (1): 1.0 MB
Progress (1): 1.0 MB
Progress (1): 1.0 MB
Progress (1): 1.0 MB
Progress (1): 1.0 MB
Progress (1): 1.0 MB
Progress (1): 1.0 MB
Progress (1): 1.0 MB
Progress (1): 1.0 MB
Progress (1): 1.0 MB
Progress (1): 1.1 MB
Progress (1): 1.1 MB
Progress (1): 1.1 MB
Progress (1): 1.1 MB
Progress (1): 1.1 MB
Progress (1): 1.1 MB
Progress (1): 1.1 MB
Progress (1): 1.1 MB
Progress (1): 1.1 MB
Progress (1): 1.1 MB
Progress (1): 1.1 MB
Progress (1): 1.1 MB
Progress (1): 1.1 MB
Progress (1): 1.1 MB
Progress (1): 1.1 MB
Progress (1): 1.1 MB
Progress (1): 1.1 MB
Progress (1): 1.1 MB
Progress (1): 1.1 MB
Progress (1): 1.1 MB
Progress (1): 1.1 MB
Progress (1): 1.1 MB
Progress (1): 1.1 MB
Progress (1): 1.1 MB
Progress (1): 1.2 MB
Progress (1): 1.2 MB
Progress (1): 1.2 MB
Progress (1): 1.2 MB
Progress (1): 1.2 MB
Progress (1): 1.2 MB
Progress (1): 1.2 MB
Progress (1): 1.2 MB
Progress (1): 1.2 MB
Progress (1): 1.2 MB
Progress (1): 1.2 MB
Progress (1): 1.2 MB
Progress (1): 1.2 MB
Progress (1): 1.2 MB
Progress (1): 1.2 MB
Progress (1): 1.2 MB
Progress (1): 1.2 MB
Progress (1): 1.2 MB
Progress (1): 1.2 MB
Progress (1): 1.2 MB
Progress (1): 1.2 MB
Progress (1): 1.2 MB
Progress (1): 1.2 MB
Progress (1): 1.2 MB
Progress (1): 1.2 MB
Progress (1): 1.3 MB
Progress (1): 1.3 MB
Progress (1): 1.3 MB
Progress (1): 1.3 MB
Progress (1): 1.3 MB
Progress (1): 1.3 MB
Progress (1): 1.3 MB
Progress (1): 1.3 MB
Progress (1): 1.3 MB
Progress (1): 1.3 MB
Progress (1): 1.3 MB
Progress (1): 1.3 MB
Progress (1): 1.3 MB
Progress (1): 1.3 MB
Progress (1): 1.3 MB
Progress (1): 1.3 MB
Progress (1): 1.3 MB
Progress (1): 1.3 MB
Progress (1): 1.3 MB
Progress (1): 1.3 MB
Progress (1): 1.3 MB
Progress (1): 1.3 MB
Progress (1): 1.3 MB
Progress (1): 1.3 MB
Progress (1): 1.4 MB
Progress (1): 1.4 MB
Progress (1): 1.4 MB
Progress (1): 1.4 MB
Progress (1): 1.4 MB
Progress (1): 1.4 MB
Progress (1): 1.4 MB
Progress (1): 1.4 MB
Progress (1): 1.4 MB
Progress (1): 1.4 MB
Progress (1): 1.4 MB
Progress (1): 1.4 MB
Progress (1): 1.4 MB
Progress (1): 1.4 MB
Progress (1): 1.4 MB
Progress (1): 1.4 MB
Progress (1): 1.4 MB
Progress (1): 1.4 MB
Progress (1): 1.4 MB
Progress (1): 1.4 MB
Progress (1): 1.4 MB
Progress (1): 1.4 MB
Progress (1): 1.4 MB
Progress (1): 1.4 MB
Progress (1): 1.4 MB
Progress (1): 1.5 MB
Progress (1): 1.5 MB
Progress (1): 1.5 MB
Progress (1): 1.5 MB
Progress (1): 1.5 MB
Progress (1): 1.5 MB
Progress (1): 1.5 MB
Progress (1): 1.5 MB
Progress (1): 1.5 MB
Progress (1): 1.5 MB
Progress (1): 1.5 MB
Progress (1): 1.5 MB
Progress (1): 1.5 MB
Progress (1): 1.5 MB
Progress (1): 1.5 MB
Progress (1): 1.5 MB
Progress (1): 1.5 MB
Progress (1): 1.5 MB
Progress (1): 1.5 MB
Progress (1): 1.5 MB
Progress (1): 1.5 MB
Progress (1): 1.5 MB
Progress (1): 1.5 MB
Progress (1): 1.5 MB
Progress (1): 1.6 MB
Progress (1): 1.6 MB
Progress (1): 1.6 MB
Progress (1): 1.6 MB
Progress (1): 1.6 MB
Progress (1): 1.6 MB
Progress (1): 1.6 MB
Progress (1): 1.6 MB
Progress (1): 1.6 MB
Progress (1): 1.6 MB
Progress (1): 1.6 MB
Progress (1): 1.6 MB
Progress (1): 1.6 MB
Progress (1): 1.6 MB
Progress (1): 1.6 MB
Progress (1): 1.6 MB
Progress (1): 1.6 MB
Progress (1): 1.6 MB
Progress (1): 1.6 MB
Progress (1): 1.6 MB
Progress (1): 1.6 MB
Progress (1): 1.6 MB
Progress (1): 1.6 MB
Progress (1): 1.6 MB
Progress (1): 1.6 MB
Progress (1): 1.7 MB
Progress (1): 1.7 MB
Progress (1): 1.7 MB
Progress (1): 1.7 MB
Progress (1): 1.7 MB
Progress (1): 1.7 MB
Progress (1): 1.7 MB
Progress (1): 1.7 MB
Progress (1): 1.7 MB
Progress (1): 1.7 MB
Progress (1): 1.7 MB
Progress (1): 1.7 MB
Progress (1): 1.7 MB
Progress (1): 1.7 MB
Progress (1): 1.7 MB
Progress (1): 1.7 MB
Progress (1): 1.7 MB
Progress (1): 1.7 MB
Progress (1): 1.7 MB
Progress (1): 1.7 MB
Progress (1): 1.7 MB
Progress (1): 1.7 MB
Progress (1): 1.7 MB
Progress (1): 1.7 MB
Progress (1): 1.8 MB
Progress (1): 1.8 MB
Progress (1): 1.8 MB
Progress (1): 1.8 MB
Progress (1): 1.8 MB
Progress (1): 1.8 MB
Progress (1): 1.8 MB
Progress (1): 1.8 MB
Progress (1): 1.8 MB
Progress (1): 1.8 MB
Progress (1): 1.8 MB
Progress (1): 1.8 MB
Progress (1): 1.8 MB
Progress (1): 1.8 MB
Progress (1): 1.8 MB
Progress (1): 1.8 MB
Progress (1): 1.8 MB
Progress (1): 1.8 MB
Progress (1): 1.8 MB
Progress (1): 1.8 MB
Progress (1): 1.8 MB
Progress (1): 1.8 MB
Progress (1): 1.8 MB
Progress (1): 1.8 MB
Progress (1): 1.9 MB
Progress (1): 1.9 MB
Progress (1): 1.9 MB
Progress (1): 1.9 MB
Progress (1): 1.9 MB
Progress (1): 1.9 MB
Progress (1): 1.9 MB
Progress (1): 1.9 MB
Progress (1): 1.9 MB
Progress (1): 1.9 MB
Progress (1): 1.9 MB
Progress (1): 1.9 MB
Progress (1): 1.9 MB
Progress (1): 1.9 MB
Progress (1): 1.9 MB
Progress (1): 1.9 MB
Progress (1): 1.9 MB
Progress (1): 1.9 MB
Progress (1): 1.9 MB
Progress (1): 1.9 MB
Progress (1): 1.9 MB
Progress (1): 1.9 MB
Progress (1): 1.9 MB
Progress (1): 1.9 MB
Progress (1): 1.9 MB
Progress (1): 2.0 MB
Progress (1): 2.0 MB
Progress (1): 2.0 MB
Progress (1): 2.0 MB
Progress (1): 2.0 MB
Progress (1): 2.0 MB
Progress (1): 2.0 MB
Progress (1): 2.0 MB
Progress (1): 2.0 MB
Progress (1): 2.0 MB
Progress (1): 2.0 MB
Progress (1): 2.0 MB
Progress (1): 2.0 MB
Progress (1): 2.0 MB
Progress (1): 2.0 MB
Progress (1): 2.0 MB
Progress (1): 2.0 MB
Progress (1): 2.0 MB
Progress (1): 2.0 MB
Progress (1): 2.0 MB
Progress (1): 2.0 MB
Progress (1): 2.0 MB
Progress (1): 2.0 MB
Progress (1): 2.0 MB
Progress (1): 2.0 MB
Progress (1): 2.1 MB
Progress (1): 2.1 MB
Progress (1): 2.1 MB
Progress (1): 2.1 MB
Progress (1): 2.1 MB
Progress (1): 2.1 MB
Progress (1): 2.1 MB
Progress (1): 2.1 MB
Progress (1): 2.1 MB
Progress (1): 2.1 MB
Progress (1): 2.1 MB
Progress (1): 2.1 MB
Progress (1): 2.1 MB
Progress (1): 2.1 MB
Progress (1): 2.1 MB
Progress (1): 2.1 MB
Progress (1): 2.1 MB
Progress (1): 2.1 MB
Progress (1): 2.1 MB
Progress (1): 2.1 MB
Progress (1): 2.1 MB
Progress (1): 2.1 MB
Progress (1): 2.1 MB
Progress (1): 2.1 MB
Progress (1): 2.2 MB
Progress (1): 2.2 MB
Progress (1): 2.2 MB
Progress (1): 2.2 MB
Progress (1): 2.2 MB
Progress (1): 2.2 MB
Progress (1): 2.2 MB
Progress (1): 2.2 MB
Progress (1): 2.2 MB
Progress (1): 2.2 MB
Progress (1): 2.2 MB
Progress (1): 2.2 MB
Progress (1): 2.2 MB
Progress (1): 2.2 MB
Progress (1): 2.2 MB
Progress (1): 2.2 MB
Progress (1): 2.2 MB
Progress (1): 2.2 MB
Progress (1): 2.2 MB
Progress (1): 2.2 MB
Progress (1): 2.2 MB
Progress (1): 2.2 MB
Progress (1): 2.2 MB
Progress (1): 2.2 MB
Progress (1): 2.2 MB
Progress (1): 2.3 MB
Progress (1): 2.3 MB
Progress (1): 2.3 MB
Progress (1): 2.3 MB
Progress (1): 2.3 MB
Progress (1): 2.3 MB
Progress (1): 2.3 MB
Progress (1): 2.3 MB
Progress (1): 2.3 MB
Progress (1): 2.3 MB
Progress (1): 2.3 MB
Progress (1): 2.3 MB
Progress (1): 2.3 MB
Progress (1): 2.3 MB
Progress (1): 2.3 MB
Progress (1): 2.3 MB
Progress (1): 2.3 MB
Progress (1): 2.3 MB
Progress (1): 2.3 MB
Progress (1): 2.3 MB
Progress (1): 2.3 MB
Progress (1): 2.3 MB
Progress (1): 2.3 MB
Progress (1): 2.3 MB
Progress (1): 2.3 MB
Progress (1): 2.4 MB
Progress (1): 2.4 MB
Progress (1): 2.4 MB
Progress (1): 2.4 MB
Progress (1): 2.4 MB
Progress (1): 2.4 MB
Progress (1): 2.4 MB
Progress (1): 2.4 MB
Progress (1): 2.4 MB
Progress (1): 2.4 MB
Progress (1): 2.4 MB
Progress (1): 2.4 MB
Progress (1): 2.4 MB
Progress (1): 2.4 MB
Progress (1): 2.4 MB
Progress (1): 2.4 MB
Progress (1): 2.4 MB
Progress (1): 2.4 MB
Progress (1): 2.4 MB
Progress (1): 2.4 MB
Progress (1): 2.4 MB
Progress (1): 2.4 MB
Progress (1): 2.4 MB
Progress (1): 2.4 MB
Progress (1): 2.4 MB
Progress (1): 2.5 MB
Progress (1): 2.5 MB
Progress (1): 2.5 MB
Progress (1): 2.5 MB
Progress (1): 2.5 MB
Progress (1): 2.5 MB
Progress (1): 2.5 MB
Progress (1): 2.5 MB
Progress (1): 2.5 MB
Progress (1): 2.5 MB
Progress (1): 2.5 MB
Progress (1): 2.5 MB
Progress (1): 2.5 MB
Progress (1): 2.5 MB
Progress (1): 2.5 MB
Progress (1): 2.5 MB
Progress (1): 2.5 MB
Progress (1): 2.5 MB
Progress (1): 2.5 MB
Progress (1): 2.5 MB
Progress (1): 2.5 MB
Progress (1): 2.5 MB
Progress (1): 2.5 MB
Progress (1): 2.5 MB
Progress (1): 2.5 MB
Progress (1): 2.5 MB
Progress (1): 2.5 MB
Progress (1): 2.5 MB
Progress (1): 2.5 MB
Progress (1): 2.5 MB
Progress (1): 2.6 MB
Progress (1): 2.6 MB
Progress (1): 2.6 MB
Progress (1): 2.6 MB
Progress (1): 2.6 MB
Progress (1): 2.6 MB
Progress (1): 2.6 MB
Progress (1): 2.6 MB
Progress (1): 2.6 MB
Progress (1): 2.6 MB
Progress (1): 2.6 MB
Progress (1): 2.6 MB
Progress (1): 2.6 MB
Progress (1): 2.6 MB
Progress (1): 2.6 MB
Progress (1): 2.6 MB
Progress (1): 2.6 MB
Progress (1): 2.6 MB
Progress (1): 2.6 MB
Progress (1): 2.6 MB
Progress (1): 2.6 MB
Progress (1): 2.6 MB
Progress (1): 2.6 MB
Progress (1): 2.6 MB
Progress (1): 2.7 MB
Progress (1): 2.7 MB
Progress (1): 2.7 MB
Progress (1): 2.7 MB
Progress (1): 2.7 MB
Progress (1): 2.7 MB
Progress (1): 2.7 MB
Progress (1): 2.7 MB
Progress (1): 2.7 MB
Progress (1): 2.7 MB
Progress (1): 2.7 MB
Progress (1): 2.7 MB
Progress (1): 2.7 MB
Progress (1): 2.7 MB
Progress (1): 2.7 MB
Progress (1): 2.7 MB
Progress (1): 2.7 MB
Progress (1): 2.7 MB
Progress (1): 2.7 MB
Progress (1): 2.7 MB
Progress (1): 2.7 MB
Progress (1): 2.7 MB
Progress (1): 2.7 MB
Progress (1): 2.7 MB
Progress (1): 2.7 MB
Progress (1): 2.7 MB
Progress (1): 2.7 MB
Progress (1): 2.8 MB
Progress (1): 2.8 MB
Progress (1): 2.8 MB
Progress (1): 2.8 MB
Progress (1): 2.8 MB
Progress (1): 2.8 MB
Progress (1): 2.8 MB
Progress (1): 2.8 MB
Progress (1): 2.8 MB
Progress (1): 2.8 MB
Progress (1): 2.8 MB
Progress (1): 2.8 MB
Progress (1): 2.8 MB
Progress (1): 2.8 MB
Progress (1): 2.8 MB
Progress (1): 2.8 MB
Progress (1): 2.8 MB
Progress (1): 2.8 MB
Progress (1): 2.8 MB
Progress (1): 2.8 MB
Progress (1): 2.8 MB
Progress (1): 2.8 MB
Progress (1): 2.8 MB
Progress (1): 2.8 MB
Progress (1): 2.9 MB
Progress (1): 2.9 MB
Progress (1): 2.9 MB
Progress (1): 2.9 MB
Progress (1): 2.9 MB
Progress (1): 2.9 MB
Progress (1): 2.9 MB
Progress (1): 2.9 MB
Progress (1): 2.9 MB
Progress (1): 2.9 MB
Progress (1): 2.9 MB
Progress (1): 2.9 MB
Progress (1): 2.9 MB
Progress (1): 2.9 MB
Progress (1): 2.9 MB
Progress (1): 2.9 MB
Progress (1): 2.9 MB
Progress (1): 2.9 MB
Progress (1): 2.9 MB
Progress (1): 2.9 MB
Progress (1): 2.9 MB
Progress (1): 2.9 MB
Progress (1): 2.9 MB
Progress (1): 2.9 MB
Progress (1): 2.9 MB
Progress (1): 3.0 MB
Progress (1): 3.0 MB
Progress (1): 3.0 MB
Progress (1): 3.0 MB
Progress (1): 3.0 MB
Progress (1): 3.0 MB
Progress (1): 3.0 MB
Progress (1): 3.0 MB
Progress (1): 3.0 MB
Progress (1): 3.0 MB
Progress (1): 3.0 MB
Progress (1): 3.0 MB
Progress (1): 3.0 MB
Progress (1): 3.0 MB
Progress (1): 3.0 MB
Progress (1): 3.0 MB
Progress (1): 3.0 MB
Progress (1): 3.0 MB
Progress (1): 3.0 MB
Progress (1): 3.0 MB
Progress (1): 3.0 MB
Progress (1): 3.0 MB
Progress (1): 3.0 MB
Progress (1): 3.0 MB
Progress (1): 3.0 MB
Progress (1): 3.1 MB
Progress (1): 3.1 MB
Progress (1): 3.1 MB
Progress (1): 3.1 MB
Progress (1): 3.1 MB
Progress (1): 3.1 MB
Progress (1): 3.1 MB
Progress (1): 3.1 MB
Progress (1): 3.1 MB
Progress (1): 3.1 MB
Progress (1): 3.1 MB
Progress (1): 3.1 MB
Progress (1): 3.1 MB
Progress (1): 3.1 MB
Progress (1): 3.1 MB
Progress (1): 3.1 MB
Progress (1): 3.1 MB
Progress (1): 3.1 MB
Progress (1): 3.1 MB
Progress (1): 3.1 MB
Progress (1): 3.1 MB
Progress (1): 3.1 MB
Progress (1): 3.1 MB
Progress (1): 3.1 MB
Progress (1): 3.1 MB
Progress (1): 3.2 MB
Progress (1): 3.2 MB
Progress (1): 3.2 MB
Progress (1): 3.2 MB
Progress (1): 3.2 MB
Progress (1): 3.2 MB
Progress (1): 3.2 MB
Progress (1): 3.2 MB
Progress (1): 3.2 MB
Progress (1): 3.2 MB
Progress (1): 3.2 MB
Progress (1): 3.2 MB
Progress (1): 3.2 MB
Progress (1): 3.2 MB
Progress (1): 3.2 MB
Progress (1): 3.2 MB
Progress (1): 3.2 MB
Progress (1): 3.2 MB
Progress (1): 3.2 MB
Progress (1): 3.2 MB
Progress (1): 3.2 MB
Progress (1): 3.2 MB
Progress (1): 3.2 MB
Progress (1): 3.2 MB
Progress (1): 3.2 MB
Progress (1): 3.3 MB
Progress (1): 3.3 MB
Progress (1): 3.3 MB
Progress (1): 3.3 MB
Progress (1): 3.3 MB
Progress (1): 3.3 MB
Progress (1): 3.3 MB
Progress (1): 3.3 MB
Progress (1): 3.3 MB
Progress (1): 3.3 MB
Progress (1): 3.3 MB
Progress (1): 3.3 MB
Progress (1): 3.3 MB
Progress (1): 3.3 MB
Progress (1): 3.3 MB
Progress (1): 3.3 MB
Progress (1): 3.3 MB
Progress (1): 3.3 MB
Progress (1): 3.3 MB
Progress (1): 3.3 MB
Progress (1): 3.3 MB
Progress (1): 3.3 MB
Progress (1): 3.3 MB
Progress (1): 3.3 MB
Progress (1): 3.3 MB
Progress (1): 3.4 MB
Progress (1): 3.4 MB
Progress (1): 3.4 MB
Progress (1): 3.4 MB
Progress (1): 3.4 MB
Progress (1): 3.4 MB
Progress (1): 3.4 MB
Progress (1): 3.4 MB
Progress (1): 3.4 MB
Progress (1): 3.4 MB
Progress (1): 3.4 MB
Progress (1): 3.4 MB
Progress (1): 3.4 MB
Progress (1): 3.4 MB
Progress (1): 3.4 MB
Progress (1): 3.4 MB
Progress (1): 3.4 MB
Progress (1): 3.4 MB
Progress (1): 3.4 MB
Progress (1): 3.4 MB
Progress (1): 3.4 MB
Progress (1): 3.4 MB
Progress (1): 3.4 MB
Progress (1): 3.4 MB
Progress (1): 3.4 MB
Progress (1): 3.4 MB
Progress (1): 3.5 MB
Progress (1): 3.5 MB
Progress (1): 3.5 MB
Progress (1): 3.5 MB
Progress (1): 3.5 MB
Progress (1): 3.5 MB
Progress (1): 3.5 MB
Progress (1): 3.5 MB
Progress (1): 3.5 MB
Progress (1): 3.5 MB
Progress (1): 3.5 MB
Progress (1): 3.5 MB
Progress (1): 3.5 MB
Progress (1): 3.5 MB
Progress (1): 3.5 MB
Progress (1): 3.5 MB
Progress (1): 3.5 MB
Progress (1): 3.5 MB
Progress (1): 3.5 MB
Progress (1): 3.5 MB
Progress (1): 3.5 MB
Progress (1): 3.5 MB
Progress (1): 3.5 MB
Progress (1): 3.5 MB
Progress (1): 3.6 MB
Progress (1): 3.6 MB
Progress (1): 3.6 MB
Progress (1): 3.6 MB
Progress (1): 3.6 MB
Progress (1): 3.6 MB
Progress (1): 3.6 MB
Progress (1): 3.6 MB
Progress (1): 3.6 MB
Progress (1): 3.6 MB
Progress (1): 3.6 MB
Progress (1): 3.6 MB
Progress (1): 3.6 MB
Progress (1): 3.6 MB
Progress (1): 3.6 MB
Progress (1): 3.6 MB
Progress (1): 3.6 MB
Progress (1): 3.6 MB
Progress (1): 3.6 MB
Progress (1): 3.6 MB
Progress (1): 3.6 MB
Progress (1): 3.6 MB
Progress (1): 3.6 MB
Progress (1): 3.6 MB
Progress (1): 3.7 MB
Progress (1): 3.7 MB
Progress (1): 3.7 MB
Progress (1): 3.7 MB
Progress (1): 3.7 MB
Progress (1): 3.7 MB
Progress (1): 3.7 MB
Progress (1): 3.7 MB
Progress (1): 3.7 MB
Progress (1): 3.7 MB
Progress (1): 3.7 MB
Progress (1): 3.7 MB
Progress (1): 3.7 MB
Progress (1): 3.7 MB
Progress (1): 3.7 MB
Progress (1): 3.7 MB
Progress (1): 3.7 MB
Progress (1): 3.7 MB
Progress (1): 3.7 MB
Progress (1): 3.7 MB
Progress (1): 3.7 MB
Progress (1): 3.7 MB
Progress (1): 3.7 MB
Progress (1): 3.7 MB
Progress (1): 3.7 MB
Progress (1): 3.8 MB
Progress (1): 3.8 MB
Progress (1): 3.8 MB
Progress (1): 3.8 MB
Progress (1): 3.8 MB
Progress (1): 3.8 MB
Progress (1): 3.8 MB
Progress (1): 3.8 MB
Progress (1): 3.8 MB
Progress (1): 3.8 MB
Progress (1): 3.8 MB
Progress (1): 3.8 MB
Progress (1): 3.8 MB
Progress (1): 3.8 MB
Progress (1): 3.8 MB
Progress (1): 3.8 MB
Progress (1): 3.8 MB
Progress (1): 3.8 MB
Progress (1): 3.8 MB
Progress (1): 3.8 MB
Progress (1): 3.8 MB
Progress (1): 3.8 MB
Progress (1): 3.8 MB
Progress (1): 3.8 MB
Progress (1): 3.9 MB
Progress (1): 3.9 MB
Progress (1): 3.9 MB
Progress (1): 3.9 MB
Progress (1): 3.9 MB
Progress (1): 3.9 MB
Progress (1): 3.9 MB
Progress (1): 3.9 MB
Progress (1): 3.9 MB
Progress (1): 3.9 MB
Progress (1): 3.9 MB
Progress (1): 3.9 MB
Progress (1): 3.9 MB
Progress (1): 3.9 MB
Progress (1): 3.9 MB
Progress (1): 3.9 MB
Progress (1): 3.9 MB
Progress (1): 3.9 MB
Progress (1): 3.9 MB
Progress (1): 3.9 MB
Progress (1): 3.9 MB
Progress (1): 3.9 MB
Progress (1): 3.9 MB
Progress (1): 3.9 MB
Progress (1): 3.9 MB
Progress (1): 4.0 MB
Progress (1): 4.0 MB
Progress (1): 4.0 MB
Progress (1): 4.0 MB
Progress (1): 4.0 MB
Progress (1): 4.0 MB
Progress (1): 4.0 MB
Progress (1): 4.0 MB
Progress (1): 4.0 MB
Progress (1): 4.0 MB
Progress (1): 4.0 MB
Progress (1): 4.0 MB
Progress (1): 4.0 MB
Progress (1): 4.0 MB
Progress (1): 4.0 MB
Progress (1): 4.0 MB
Progress (1): 4.0 MB
Progress (1): 4.0 MB
Progress (1): 4.0 MB
Progress (1): 4.0 MB
Progress (1): 4.0 MB
Progress (1): 4.0 MB
Progress (1): 4.0 MB
Progress (1): 4.0 MB
Progress (1): 4.1 MB
Progress (1): 4.1 MB
Progress (1): 4.1 MB
Progress (1): 4.1 MB
Progress (1): 4.1 MB
Progress (1): 4.1 MB
Progress (1): 4.1 MB
Progress (1): 4.1 MB
Progress (1): 4.1 MB
Progress (1): 4.1 MB
Progress (1): 4.1 MB
Progress (1): 4.1 MB
Progress (1): 4.1 MB
Progress (1): 4.1 MB
Progress (1): 4.1 MB
Progress (1): 4.1 MB
Progress (1): 4.1 MB
Progress (1): 4.1 MB
Progress (1): 4.1 MB
Progress (1): 4.1 MB
Progress (1): 4.1 MB
Progress (1): 4.1 MB
Progress (1): 4.1 MB
Progress (1): 4.1 MB
Progress (1): 4.1 MB
Progress (1): 4.2 MB
Progress (1): 4.2 MB
Progress (1): 4.2 MB
Progress (1): 4.2 MB
Progress (1): 4.2 MB
Progress (1): 4.2 MB
Progress (1): 4.2 MB
Progress (1): 4.2 MB
Progress (1): 4.2 MB
Progress (1): 4.2 MB
Progress (1): 4.2 MB
Progress (1): 4.2 MB
Progress (1): 4.2 MB
Progress (1): 4.2 MB
Progress (1): 4.2 MB
Progress (1): 4.2 MB
Progress (1): 4.2 MB
Progress (1): 4.2 MB
Progress (1): 4.2 MB
Progress (1): 4.2 MB
Progress (1): 4.2 MB
Progress (1): 4.2 MB
Progress (1): 4.2 MB
Progress (1): 4.2 MB
Progress (1): 4.3 MB
Progress (1): 4.3 MB
Progress (1): 4.3 MB
Progress (1): 4.3 MB
Progress (1): 4.3 MB
Progress (1): 4.3 MB
Progress (1): 4.3 MB
Progress (1): 4.3 MB
Progress (1): 4.3 MB
Progress (1): 4.3 MB
Progress (1): 4.3 MB
Progress (1): 4.3 MB
Progress (1): 4.3 MB
Progress (1): 4.3 MB
Progress (1): 4.3 MB
Progress (1): 4.3 MB
Progress (1): 4.3 MB
Progress (1): 4.3 MB
Progress (1): 4.3 MB
Progress (1): 4.3 MB
Progress (1): 4.3 MB
Progress (1): 4.3 MB
Progress (1): 4.3 MB
Progress (1): 4.3 MB
Progress (1): 4.3 MB
Progress (1): 4.4 MB
Progress (1): 4.4 MB
Progress (1): 4.4 MB
Progress (1): 4.4 MB
Progress (1): 4.4 MB
Progress (1): 4.4 MB
Progress (1): 4.4 MB
Progress (1): 4.4 MB
Progress (1): 4.4 MB
Progress (1): 4.4 MB
Progress (1): 4.4 MB
Progress (1): 4.4 MB
Progress (1): 4.4 MB
Progress (1): 4.4 MB
Progress (1): 4.4 MB
Progress (1): 4.4 MB
Progress (1): 4.4 MB
Progress (1): 4.4 MB
Progress (1): 4.4 MB
Progress (1): 4.4 MB
Progress (1): 4.4 MB
Progress (1): 4.4 MB
Progress (1): 4.4 MB
Progress (1): 4.4 MB
Progress (1): 4.5 MB
Progress (1): 4.5 MB
Progress (1): 4.5 MB
Progress (1): 4.5 MB
Progress (1): 4.5 MB
Progress (1): 4.5 MB
Progress (1): 4.5 MB
Progress (1): 4.5 MB
Progress (1): 4.5 MB
Progress (1): 4.5 MB
Progress (1): 4.5 MB
Progress (1): 4.5 MB
Progress (1): 4.5 MB
Progress (1): 4.5 MB
Progress (1): 4.5 MB
Progress (1): 4.5 MB
Progress (1): 4.5 MB
Progress (1): 4.5 MB
Progress (1): 4.5 MB
Progress (1): 4.5 MB
Progress (1): 4.5 MB
Progress (1): 4.5 MB
Progress (1): 4.5 MB
Progress (1): 4.5 MB
Progress (1): 4.5 MB
Progress (1): 4.6 MB
Progress (1): 4.6 MB
Progress (1): 4.6 MB
Progress (1): 4.6 MB
Progress (1): 4.6 MB
Progress (1): 4.6 MB
Progress (1): 4.6 MB
Progress (1): 4.6 MB
Progress (1): 4.6 MB
Progress (1): 4.6 MB
Progress (1): 4.6 MB
Progress (1): 4.6 MB
Progress (1): 4.6 MB
Progress (1): 4.6 MB
Progress (1): 4.6 MB
Progress (1): 4.6 MB
Progress (1): 4.6 MB
Progress (1): 4.6 MB
Progress (1): 4.6 MB
Progress (1): 4.6 MB
Progress (1): 4.6 MB
Progress (1): 4.6 MB
Progress (1): 4.6 MB
Progress (1): 4.6 MB
Progress (1): 4.7 MB
Progress (1): 4.7 MB
Progress (1): 4.7 MB
Progress (1): 4.7 MB
Progress (1): 4.7 MB
Progress (1): 4.7 MB
Progress (1): 4.7 MB
Progress (1): 4.7 MB
Progress (1): 4.7 MB
Progress (1): 4.7 MB
Progress (1): 4.7 MB
Progress (1): 4.7 MB
Progress (1): 4.7 MB
Progress (1): 4.7 MB
Progress (1): 4.7 MB
Progress (1): 4.7 MB
Progress (1): 4.7 MB
Progress (1): 4.7 MB
Progress (1): 4.7 MB
Progress (1): 4.7 MB
Progress (1): 4.7 MB
Progress (1): 4.7 MB
Progress (1): 4.7 MB
Progress (1): 4.7 MB
Progress (1): 4.8 MB
Progress (1): 4.8 MB
Progress (1): 4.8 MB
Progress (1): 4.8 MB
Progress (1): 4.8 MB
Progress (1): 4.8 MB
Progress (1): 4.8 MB
Progress (1): 4.8 MB
Progress (1): 4.8 MB
Progress (1): 4.8 MB
Progress (1): 4.8 MB
Progress (1): 4.8 MB
Progress (1): 4.8 MB
Progress (1): 4.8 MB
Progress (1): 4.8 MB
Progress (1): 4.8 MB
Progress (1): 4.8 MB
Progress (1): 4.8 MB
Progress (1): 4.8 MB
Progress (1): 4.8 MB
Progress (1): 4.8 MB
Progress (1): 4.8 MB
Progress (1): 4.8 MB
Progress (1): 4.8 MB
Progress (1): 4.8 MB
Progress (1): 4.9 MB
Progress (1): 4.9 MB
Progress (1): 4.9 MB
Progress (1): 4.9 MB
Progress (1): 4.9 MB
Progress (1): 4.9 MB
Progress (1): 4.9 MB
Progress (1): 4.9 MB
Progress (1): 4.9 MB
Progress (1): 4.9 MB
Progress (1): 4.9 MB
Progress (1): 4.9 MB
Progress (1): 4.9 MB
Progress (1): 4.9 MB
Progress (1): 4.9 MB
Progress (1): 4.9 MB
Progress (1): 4.9 MB
Progress (1): 4.9 MB
Progress (1): 4.9 MB
Progress (1): 4.9 MB
Progress (1): 4.9 MB
Progress (1): 4.9 MB
Progress (1): 4.9 MB
Progress (1): 4.9 MB
Progress (1): 5.0 MB
Progress (1): 5.0 MB
Progress (1): 5.0 MB
Progress (1): 5.0 MB
Progress (1): 5.0 MB
Progress (1): 5.0 MB
Progress (1): 5.0 MB
Progress (1): 5.0 MB
Progress (1): 5.0 MB
Progress (1): 5.0 MB
Progress (1): 5.0 MB
Progress (1): 5.0 MB
Progress (1): 5.0 MB
Progress (1): 5.0 MB
Progress (1): 5.0 MB
Progress (1): 5.0 MB
Progress (1): 5.0 MB
Progress (1): 5.0 MB
Progress (1): 5.0 MB
Progress (1): 5.0 MB
Progress (1): 5.0 MB
Progress (1): 5.0 MB
Progress (1): 5.0 MB
Progress (1): 5.0 MB
Progress (1): 5.0 MB
Progress (1): 5.1 MB
Progress (1): 5.1 MB
Progress (1): 5.1 MB
Progress (1): 5.1 MB
Progress (1): 5.1 MB
Progress (1): 5.1 MB
Progress (1): 5.1 MB
Progress (1): 5.1 MB
Progress (1): 5.1 MB
Progress (1): 5.1 MB
Progress (1): 5.1 MB
Progress (1): 5.1 MB
Progress (1): 5.1 MB
Progress (1): 5.1 MB
Progress (1): 5.1 MB
Progress (1): 5.1 MB
Progress (1): 5.1 MB
Progress (1): 5.1 MB
Progress (1): 5.1 MB
Progress (1): 5.1 MB
Progress (1): 5.1 MB
Progress (1): 5.1 MB
Progress (1): 5.1 MB
Progress (1): 5.1 MB
Progress (1): 5.2 MB
Progress (1): 5.2 MB
Progress (1): 5.2 MB
Progress (1): 5.2 MB
Progress (1): 5.2 MB
Progress (1): 5.2 MB
Progress (1): 5.2 MB
Progress (1): 5.2 MB
Progress (1): 5.2 MB
Progress (1): 5.2 MB
Progress (1): 5.2 MB
Progress (1): 5.2 MB
Progress (1): 5.2 MB
Progress (1): 5.2 MB
Progress (1): 5.2 MB
Progress (1): 5.2 MB
Progress (1): 5.2 MB
Progress (1): 5.2 MB
Progress (1): 5.2 MB
Progress (1): 5.2 MB
Progress (1): 5.2 MB
Progress (1): 5.2 MB
Progress (1): 5.2 MB
Progress (1): 5.2 MB
Progress (1): 5.3 MB
Progress (1): 5.3 MB
Progress (1): 5.3 MB
Progress (1): 5.3 MB
Progress (1): 5.3 MB
Progress (1): 5.3 MB
Progress (1): 5.3 MB
Progress (1): 5.3 MB
Progress (1): 5.3 MB
Progress (1): 5.3 MB
Progress (1): 5.3 MB
Progress (1): 5.3 MB
Progress (1): 5.3 MB
Progress (1): 5.3 MB
Progress (1): 5.3 MB
Progress (1): 5.3 MB
Progress (1): 5.3 MB
Progress (1): 5.3 MB
Progress (1): 5.3 MB
Progress (1): 5.3 MB
Progress (1): 5.3 MB
Progress (1): 5.3 MB
Progress (1): 5.3 MB
Progress (1): 5.3 MB
Progress (1): 5.3 MB
Progress (1): 5.4 MB
Progress (1): 5.4 MB
Progress (1): 5.4 MB
Progress (1): 5.4 MB
Progress (1): 5.4 MB
Progress (1): 5.4 MB
Progress (1): 5.4 MB
Progress (1): 5.4 MB
Progress (1): 5.4 MB
Progress (1): 5.4 MB
Progress (1): 5.4 MB
Progress (1): 5.4 MB
Progress (1): 5.4 MB
Progress (1): 5.4 MB
Progress (1): 5.4 MB
Progress (1): 5.4 MB
Progress (1): 5.4 MB
Progress (1): 5.4 MB
Progress (1): 5.4 MB
Progress (1): 5.4 MB
Progress (1): 5.4 MB
Progress (1): 5.4 MB
Progress (1): 5.4 MB
Progress (1): 5.4 MB
Progress (1): 5.5 MB
Progress (1): 5.5 MB
Progress (1): 5.5 MB
Progress (1): 5.5 MB
Progress (1): 5.5 MB
Progress (1): 5.5 MB
Progress (1): 5.5 MB
Progress (1): 5.5 MB
Progress (1): 5.5 MB
Progress (1): 5.5 MB
Progress (1): 5.5 MB
Progress (1): 5.5 MB
Progress (1): 5.5 MB
Progress (1): 5.5 MB
Progress (1): 5.5 MB
Progress (1): 5.5 MB
Progress (1): 5.5 MB
Progress (1): 5.5 MB
Progress (1): 5.5 MB
Progress (1): 5.5 MB
Progress (1): 5.5 MB
Progress (1): 5.5 MB
Progress (1): 5.5 MB
Progress (1): 5.5 MB
Progress (1): 5.5 MB
Progress (1): 5.6 MB
Progress (1): 5.6 MB
Progress (1): 5.6 MB
Progress (1): 5.6 MB
Progress (1): 5.6 MB
Progress (1): 5.6 MB
Progress (1): 5.6 MB
Progress (1): 5.6 MB
Progress (1): 5.6 MB
Progress (1): 5.6 MB
Progress (1): 5.6 MB
Progress (1): 5.6 MB
Progress (1): 5.6 MB
Progress (1): 5.6 MB
Progress (1): 5.6 MB
Progress (1): 5.6 MB
Progress (1): 5.6 MB
Progress (1): 5.6 MB
Progress (1): 5.6 MB
Progress (1): 5.6 MB
Progress (1): 5.6 MB
Progress (1): 5.6 MB
Progress (1): 5.6 MB
Progress (1): 5.6 MB
Progress (1): 5.7 MB
Progress (1): 5.7 MB
Progress (1): 5.7 MB
Progress (1): 5.7 MB
Progress (1): 5.7 MB
Progress (1): 5.7 MB
Progress (1): 5.7 MB
Progress (1): 5.7 MB
Progress (1): 5.7 MB
Progress (1): 5.7 MB
Progress (1): 5.7 MB
Progress (1): 5.7 MB
Progress (1): 5.7 MB
Progress (1): 5.7 MB
Progress (1): 5.7 MB
Progress (1): 5.7 MB
Progress (1): 5.7 MB
Progress (1): 5.7 MB
Progress (1): 5.7 MB
Progress (1): 5.7 MB
Progress (1): 5.7 MB
Progress (1): 5.7 MB
Progress (1): 5.7 MB
Progress (1): 5.7 MB
Progress (1): 5.7 MB
Progress (1): 5.8 MB
Progress (1): 5.8 MB
Progress (1): 5.8 MB
Progress (1): 5.8 MB
Progress (1): 5.8 MB
Progress (1): 5.8 MB
Progress (1): 5.8 MB
Progress (1): 5.8 MB
Progress (1): 5.8 MB
Progress (1): 5.8 MB
Progress (1): 5.8 MB
Progress (1): 5.8 MB
Progress (1): 5.8 MB
Progress (1): 5.8 MB
Progress (1): 5.8 MB
Progress (1): 5.8 MB
Progress (1): 5.8 MB
Progress (1): 5.8 MB
Progress (1): 5.8 MB
Progress (1): 5.8 MB
Progress (1): 5.8 MB
Progress (1): 5.8 MB
Progress (1): 5.8 MB
Progress (1): 5.8 MB
Progress (1): 5.9 MB
Progress (1): 5.9 MB
Progress (1): 5.9 MB
Progress (1): 5.9 MB
Progress (1): 5.9 MB
Progress (1): 5.9 MB
Progress (1): 5.9 MB
Progress (1): 5.9 MB
Progress (1): 5.9 MB
Progress (1): 5.9 MB
Progress (1): 5.9 MB
Progress (1): 5.9 MB
Progress (1): 5.9 MB
Progress (1): 5.9 MB
Progress (1): 5.9 MB
Progress (1): 5.9 MB
Progress (1): 5.9 MB
Progress (1): 5.9 MB
Progress (1): 5.9 MB
Progress (1): 5.9 MB
Progress (1): 5.9 MB
Progress (1): 5.9 MB
Progress (1): 5.9 MB
Progress (1): 5.9 MB
Progress (1): 6.0 MB
Progress (1): 6.0 MB
Progress (1): 6.0 MB
Progress (1): 6.0 MB
Progress (1): 6.0 MB
Progress (1): 6.0 MB
Progress (1): 6.0 MB
Progress (1): 6.0 MB
Progress (1): 6.0 MB
Progress (1): 6.0 MB
Progress (1): 6.0 MB
Progress (1): 6.0 MB
Progress (1): 6.0 MB
Progress (1): 6.0 MB
Progress (1): 6.0 MB
Progress (1): 6.0 MB
Progress (1): 6.0 MB
Progress (1): 6.0 MB
Progress (1): 6.0 MB
Progress (1): 6.0 MB
Progress (1): 6.0 MB
Progress (1): 6.0 MB
Progress (1): 6.0 MB
Progress (1): 6.0 MB
Progress (1): 6.0 MB
Progress (1): 6.1 MB
Progress (1): 6.1 MB
Progress (1): 6.1 MB
Progress (1): 6.1 MB
Progress (1): 6.1 MB
Progress (1): 6.1 MB
Progress (1): 6.1 MB
Progress (1): 6.1 MB
Progress (1): 6.1 MB
Progress (1): 6.1 MB
Progress (1): 6.1 MB
Progress (1): 6.1 MB
Progress (1): 6.1 MB
Progress (1): 6.1 MB
Progress (1): 6.1 MB
Progress (1): 6.1 MB
Progress (1): 6.1 MB
Progress (1): 6.1 MB
Progress (1): 6.1 MB
Progress (1): 6.1 MB
Progress (1): 6.1 MB
Progress (1): 6.1 MB
Progress (1): 6.1 MB
Progress (1): 6.1 MB
Progress (1): 6.2 MB
Progress (1): 6.2 MB
Progress (1): 6.2 MB
Progress (1): 6.2 MB
Progress (1): 6.2 MB
Progress (1): 6.2 MB
Progress (1): 6.2 MB
Progress (1): 6.2 MB
Progress (1): 6.2 MB
Progress (1): 6.2 MB
Progress (1): 6.2 MB
Progress (1): 6.2 MB
Progress (1): 6.2 MB
Progress (1): 6.2 MB
Progress (1): 6.2 MB
Progress (1): 6.2 MB
Progress (1): 6.2 MB
Progress (1): 6.2 MB
Progress (1): 6.2 MB
Progress (1): 6.2 MB
Progress (1): 6.2 MB
Progress (1): 6.2 MB
Progress (1): 6.2 MB
Progress (1): 6.2 MB
Progress (1): 6.2 MB
Progress (1): 6.3 MB
Progress (1): 6.3 MB
Progress (1): 6.3 MB
Progress (1): 6.3 MB
Progress (1): 6.3 MB
Progress (1): 6.3 MB
Progress (1): 6.3 MB
Progress (1): 6.3 MB
Progress (1): 6.3 MB
Progress (1): 6.3 MB
Progress (1): 6.3 MB
Progress (1): 6.3 MB
Progress (1): 6.3 MB
Progress (1): 6.3 MB
Progress (1): 6.3 MB
Progress (1): 6.3 MB
Progress (1): 6.3 MB
Progress (1): 6.3 MB
Progress (1): 6.3 MB
Progress (1): 6.3 MB
Progress (1): 6.3 MB
Progress (1): 6.3 MB
Progress (1): 6.3 MB
Progress (1): 6.3 MB
Progress (1): 6.4 MB
Progress (1): 6.4 MB
Progress (1): 6.4 MB
Progress (1): 6.4 MB
Progress (1): 6.4 MB
Progress (1): 6.4 MB
Progress (1): 6.4 MB
Progress (1): 6.4 MB
Progress (1): 6.4 MB
Progress (1): 6.4 MB
Progress (1): 6.4 MB
Progress (1): 6.4 MB
Progress (1): 6.4 MB
Progress (1): 6.4 MB
Progress (1): 6.4 MB
Progress (1): 6.4 MB
Progress (1): 6.4 MB
Progress (1): 6.4 MB
Progress (1): 6.4 MB
Progress (1): 6.4 MB
Progress (1): 6.4 MB
Progress (1): 6.4 MB
Progress (1): 6.4 MB
Progress (1): 6.4 MB
Progress (1): 6.5 MB
Progress (1): 6.5 MB
Progress (1): 6.5 MB
Progress (1): 6.5 MB
Progress (1): 6.5 MB
Progress (1): 6.5 MB
Progress (1): 6.5 MB
Progress (1): 6.5 MB
Progress (1): 6.5 MB
Progress (1): 6.5 MB
Progress (1): 6.5 MB
Progress (1): 6.5 MB
Progress (1): 6.5 MB
Progress (1): 6.5 MB
Progress (1): 6.5 MB
Progress (1): 6.5 MB
Progress (1): 6.5 MB
Progress (1): 6.5 MB
Progress (1): 6.5 MB
Progress (1): 6.5 MB
Progress (1): 6.5 MB
Progress (1): 6.5 MB
Progress (1): 6.5 MB
Progress (1): 6.5 MB
Progress (1): 6.5 MB
Progress (1): 6.6 MB
Progress (1): 6.6 MB
Progress (1): 6.6 MB
Progress (1): 6.6 MB
Progress (1): 6.6 MB
Progress (1): 6.6 MB
Progress (1): 6.6 MB
Progress (1): 6.6 MB
Progress (1): 6.6 MB
Progress (1): 6.6 MB
Progress (1): 6.6 MB
Progress (1): 6.6 MB
Progress (1): 6.6 MB
Progress (1): 6.6 MB
Progress (1): 6.6 MB
Progress (1): 6.6 MB
Progress (1): 6.6 MB
Progress (1): 6.6 MB
Progress (1): 6.6 MB
Progress (1): 6.6 MB
Progress (1): 6.6 MB
Progress (1): 6.6 MB
Progress (1): 6.6 MB
Progress (1): 6.6 MB
Progress (1): 6.7 MB
Progress (1): 6.7 MB
Progress (1): 6.7 MB
Progress (1): 6.7 MB
Progress (1): 6.7 MB
Progress (1): 6.7 MB
Progress (1): 6.7 MB
Progress (1): 6.7 MB
Progress (1): 6.7 MB
Progress (1): 6.7 MB
Progress (1): 6.7 MB
Progress (1): 6.7 MB
Progress (1): 6.7 MB
Progress (1): 6.7 MB
Progress (1): 6.7 MB
Progress (1): 6.7 MB
Progress (1): 6.7 MB
Progress (1): 6.7 MB
Progress (1): 6.7 MB
Progress (1): 6.7 MB
Progress (1): 6.7 MB
Progress (1): 6.7 MB
Progress (1): 6.7 MB
Progress (1): 6.7 MB
Progress (1): 6.7 MB
Progress (1): 6.8 MB
Progress (1): 6.8 MB
Progress (1): 6.8 MB
Progress (1): 6.8 MB
Progress (1): 6.8 MB
Progress (1): 6.8 MB
Progress (1): 6.8 MB
Progress (1): 6.8 MB
Progress (1): 6.8 MB
Progress (1): 6.8 MB
Progress (1): 6.8 MB
Progress (1): 6.8 MB
Progress (1): 6.8 MB
Progress (1): 6.8 MB
Progress (1): 6.8 MB
Progress (1): 6.8 MB
Progress (1): 6.8 MB
Progress (1): 6.8 MB
Progress (1): 6.8 MB
Progress (1): 6.8 MB
Progress (1): 6.8 MB
Progress (1): 6.8 MB
Progress (1): 6.8 MB
Progress (1): 6.8 MB
Progress (1): 6.9 MB
Progress (1): 6.9 MB
Progress (1): 6.9 MB
Progress (1): 6.9 MB
Progress (1): 6.9 MB
Progress (1): 6.9 MB
Progress (1): 6.9 MB
Progress (1): 6.9 MB
Progress (1): 6.9 MB
Progress (1): 6.9 MB
Progress (1): 6.9 MB
Progress (1): 6.9 MB
Progress (1): 6.9 MB
Progress (1): 6.9 MB
Progress (1): 6.9 MB
Progress (1): 6.9 MB
Progress (1): 6.9 MB
Progress (1): 6.9 MB
Progress (1): 6.9 MB
Progress (1): 6.9 MB
Progress (1): 6.9 MB
Progress (1): 6.9 MB
Progress (1): 6.9 MB
Progress (1): 6.9 MB
Progress (1): 7.0 MB
Progress (1): 7.0 MB
Progress (1): 7.0 MB
Progress (1): 7.0 MB
Progress (1): 7.0 MB
Progress (1): 7.0 MB
Progress (1): 7.0 MB
Progress (1): 7.0 MB
Progress (1): 7.0 MB
Progress (1): 7.0 MB
Progress (1): 7.0 MB
Progress (1): 7.0 MB
Progress (1): 7.0 MB
Progress (1): 7.0 MB
Progress (1): 7.0 MB
Progress (1): 7.0 MB
Progress (1): 7.0 MB
Progress (1): 7.0 MB
Progress (1): 7.0 MB
Progress (1): 7.0 MB
Progress (1): 7.0 MB
Progress (1): 7.0 MB
Progress (1): 7.0 MB
Progress (1): 7.0 MB
Progress (1): 7.0 MB
Progress (1): 7.1 MB
Progress (1): 7.1 MB
Progress (1): 7.1 MB
Progress (1): 7.1 MB
Progress (1): 7.1 MB
Progress (1): 7.1 MB
Progress (1): 7.1 MB
Progress (1): 7.1 MB
Progress (1): 7.1 MB
Progress (1): 7.1 MB
Progress (1): 7.1 MB
Progress (1): 7.1 MB
Progress (1): 7.1 MB
Progress (1): 7.1 MB
Progress (1): 7.1 MB
Progress (1): 7.1 MB
Progress (1): 7.1 MB
Progress (1): 7.1 MB
Progress (1): 7.1 MB
Progress (1): 7.1 MB
Progress (1): 7.1 MB
Progress (1): 7.1 MB
Progress (1): 7.1 MB
Progress (1): 7.1 MB
Progress (1): 7.2 MB
Progress (1): 7.2 MB
Progress (1): 7.2 MB
Progress (1): 7.2 MB
Progress (1): 7.2 MB
Progress (1): 7.2 MB
Progress (1): 7.2 MB
Progress (1): 7.2 MB
Progress (1): 7.2 MB
Progress (1): 7.2 MB
Progress (1): 7.2 MB
Progress (1): 7.2 MB
Progress (1): 7.2 MB
Progress (1): 7.2 MB
Progress (1): 7.2 MB
Progress (1): 7.2 MB
Progress (1): 7.2 MB
Progress (1): 7.2 MB
Progress (1): 7.2 MB
Progress (1): 7.2 MB
Progress (1): 7.2 MB
Progress (1): 7.2 MB
Progress (1): 7.2 MB
Progress (1): 7.2 MB
Progress (1): 7.2 MB
Progress (1): 7.3 MB
Progress (1): 7.3 MB
Progress (1): 7.3 MB
Progress (1): 7.3 MB
Progress (1): 7.3 MB
Progress (1): 7.3 MB
Progress (1): 7.3 MB
Progress (1): 7.3 MB
Progress (1): 7.3 MB
Progress (1): 7.3 MB
Progress (1): 7.3 MB
Progress (1): 7.3 MB
Progress (1): 7.3 MB
Progress (1): 7.3 MB
Progress (1): 7.3 MB
Progress (1): 7.3 MB
Progress (1): 7.3 MB
Progress (1): 7.3 MB
Progress (1): 7.3 MB
Progress (1): 7.3 MB
Progress (1): 7.3 MB
Progress (1): 7.3 MB
Progress (1): 7.3 MB
Progress (1): 7.3 MB
Progress (1): 7.4 MB
Progress (1): 7.4 MB
Progress (1): 7.4 MB
Progress (1): 7.4 MB
Progress (1): 7.4 MB
Progress (1): 7.4 MB
Progress (1): 7.4 MB
Progress (1): 7.4 MB
Progress (1): 7.4 MB
Progress (1): 7.4 MB
Progress (1): 7.4 MB
Progress (1): 7.4 MB
Progress (1): 7.4 MB
Progress (1): 7.4 MB
Progress (1): 7.4 MB
Progress (1): 7.4 MB
Progress (1): 7.4 MB
Progress (1): 7.4 MB
Progress (1): 7.4 MB
Progress (1): 7.4 MB
Progress (1): 7.4 MB
Progress (1): 7.4 MB
Progress (1): 7.4 MB
Progress (1): 7.4 MB
Progress (1): 7.4 MB
Progress (1): 7.5 MB
Progress (1): 7.5 MB
Progress (1): 7.5 MB
Progress (1): 7.5 MB
Progress (1): 7.5 MB
Progress (1): 7.5 MB
Progress (1): 7.5 MB
Progress (1): 7.5 MB
Progress (1): 7.5 MB
Progress (1): 7.5 MB
Progress (1): 7.5 MB
Progress (1): 7.5 MB
Progress (1): 7.5 MB
Progress (1): 7.5 MB
Progress (1): 7.5 MB
Progress (1): 7.5 MB
Progress (1): 7.5 MB
Progress (1): 7.5 MB
Progress (1): 7.5 MB
Progress (1): 7.5 MB
Progress (1): 7.5 MB
Progress (1): 7.5 MB
Progress (1): 7.5 MB
Progress (1): 7.5 MB
Progress (1): 7.6 MB
Progress (1): 7.6 MB
Progress (1): 7.6 MB
Progress (1): 7.6 MB
Progress (1): 7.6 MB
Progress (1): 7.6 MB
Progress (1): 7.6 MB
Progress (1): 7.6 MB
Progress (1): 7.6 MB
Progress (1): 7.6 MB
Progress (1): 7.6 MB
Progress (1): 7.6 MB
Progress (1): 7.6 MB
Progress (1): 7.6 MB
Progress (1): 7.6 MB
Progress (1): 7.6 MB
Progress (1): 7.6 MB
Progress (1): 7.6 MB
Progress (1): 7.6 MB
Progress (1): 7.6 MB
Progress (1): 7.6 MB
Progress (1): 7.6 MB
Progress (1): 7.6 MB
Progress (1): 7.6 MB
Progress (1): 7.7 MB
Progress (1): 7.7 MB
Progress (1): 7.7 MB
Progress (1): 7.7 MB
Progress (1): 7.7 MB
Progress (1): 7.7 MB
Progress (1): 7.7 MB
Progress (1): 7.7 MB
Progress (1): 7.7 MB
Progress (1): 7.7 MB
Progress (1): 7.7 MB
Progress (1): 7.7 MB
Progress (1): 7.7 MB
Progress (1): 7.7 MB
Progress (1): 7.7 MB
Progress (1): 7.7 MB
Progress (1): 7.7 MB
Progress (1): 7.7 MB
Progress (1): 7.7 MB
Progress (1): 7.7 MB
Progress (1): 7.7 MB
Progress (1): 7.7 MB
Progress (1): 7.7 MB
Progress (1): 7.7 MB
Progress (1): 7.7 MB
Progress (1): 7.8 MB
Progress (1): 7.8 MB
Progress (1): 7.8 MB
Progress (1): 7.8 MB
Progress (1): 7.8 MB
Progress (1): 7.8 MB
Progress (1): 7.8 MB
Progress (1): 7.8 MB
Progress (1): 7.8 MB
Progress (1): 7.8 MB
Progress (1): 7.8 MB
Progress (1): 7.8 MB
Progress (1): 7.8 MB
Progress (1): 7.8 MB
Progress (1): 7.8 MB
Progress (1): 7.8 MB
Progress (1): 7.8 MB
Progress (1): 7.8 MB
Progress (1): 7.8 MB
Progress (1): 7.8 MB
Progress (1): 7.8 MB
Progress (1): 7.8 MB
Progress (1): 7.8 MB
Progress (1): 7.8 MB
Progress (1): 7.9 MB
Progress (1): 7.9 MB
Progress (1): 7.9 MB
Progress (1): 7.9 MB
Progress (1): 7.9 MB
Progress (1): 7.9 MB
Progress (1): 7.9 MB
Progress (1): 7.9 MB
Progress (1): 7.9 MB
Progress (1): 7.9 MB
Progress (1): 7.9 MB
Progress (1): 7.9 MB
Progress (1): 7.9 MB
Progress (1): 7.9 MB
Progress (1): 7.9 MB
Progress (1): 7.9 MB
Progress (1): 7.9 MB
Progress (1): 7.9 MB
Progress (1): 7.9 MB
Progress (1): 7.9 MB
Progress (1): 7.9 MB
Progress (1): 7.9 MB
Progress (1): 7.9 MB
Progress (1): 7.9 MB
Progress (1): 7.9 MB
Progress (1): 8.0 MB
Progress (1): 8.0 MB
Progress (1): 8.0 MB
Progress (1): 8.0 MB
Progress (1): 8.0 MB
Progress (1): 8.0 MB
Progress (1): 8.0 MB
Progress (1): 8.0 MB
Progress (1): 8.0 MB
Progress (1): 8.0 MB
Progress (1): 8.0 MB
Progress (1): 8.0 MB
Progress (1): 8.0 MB
Progress (1): 8.0 MB
Progress (1): 8.0 MB
Progress (1): 8.0 MB
Progress (1): 8.0 MB
Progress (1): 8.0 MB
Progress (1): 8.0 MB
Progress (1): 8.0 MB
Progress (1): 8.0 MB
Progress (1): 8.0 MB
Progress (1): 8.0 MB
Progress (1): 8.0 MB
Progress (1): 8.1 MB
Progress (1): 8.1 MB
Progress (1): 8.1 MB
Progress (1): 8.1 MB
Progress (1): 8.1 MB
Progress (1): 8.1 MB
Progress (1): 8.1 MB
Progress (1): 8.1 MB
Progress (1): 8.1 MB
Progress (1): 8.1 MB
Progress (1): 8.1 MB
Progress (1): 8.1 MB
Progress (1): 8.1 MB
Progress (1): 8.1 MB
Progress (1): 8.1 MB
Progress (1): 8.1 MB
Progress (1): 8.1 MB
Progress (1): 8.1 MB
Progress (1): 8.1 MB
Progress (1): 8.1 MB
Progress (1): 8.1 MB
Progress (1): 8.1 MB
Progress (1): 8.1 MB
Progress (1): 8.1 MB
Progress (1): 8.2 MB
Progress (1): 8.2 MB
Progress (1): 8.2 MB
Progress (1): 8.2 MB
Progress (1): 8.2 MB
Progress (1): 8.2 MB
Progress (1): 8.2 MB
Progress (1): 8.2 MB
Progress (1): 8.2 MB
Progress (1): 8.2 MB
Progress (1): 8.2 MB
Progress (1): 8.2 MB
Progress (1): 8.2 MB
Progress (1): 8.2 MB
Progress (1): 8.2 MB
Progress (1): 8.2 MB
Progress (1): 8.2 MB
Progress (1): 8.2 MB
Progress (1): 8.2 MB
Progress (1): 8.2 MB
Progress (1): 8.2 MB
Progress (1): 8.2 MB
Progress (1): 8.2 MB
Progress (1): 8.2 MB
Progress (1): 8.2 MB
Progress (1): 8.3 MB
Progress (1): 8.3 MB
Progress (1): 8.3 MB
Progress (1): 8.3 MB
Progress (1): 8.3 MB
Progress (1): 8.3 MB
Progress (1): 8.3 MB
Progress (1): 8.3 MB
Progress (1): 8.3 MB
Progress (1): 8.3 MB
Progress (1): 8.3 MB
Progress (1): 8.3 MB
Progress (1): 8.3 MB
Progress (1): 8.3 MB
Progress (1): 8.3 MB
Progress (1): 8.3 MB
Progress (1): 8.3 MB
Progress (1): 8.3 MB
Progress (1): 8.3 MB
Progress (1): 8.3 MB
Progress (1): 8.3 MB
Progress (1): 8.3 MB
Progress (1): 8.3 MB
Progress (1): 8.3 MB
Progress (1): 8.4 MB
Progress (1): 8.4 MB
Progress (1): 8.4 MB
Progress (1): 8.4 MB
Progress (1): 8.4 MB
Progress (1): 8.4 MB
Progress (1): 8.4 MB
Progress (1): 8.4 MB
Progress (1): 8.4 MB
Progress (1): 8.4 MB
Progress (1): 8.4 MB
Progress (1): 8.4 MB
Progress (1): 8.4 MB
Progress (1): 8.4 MB
Progress (1): 8.4 MB
Progress (1): 8.4 MB
Progress (1): 8.4 MB
Progress (1): 8.4 MB
Progress (1): 8.4 MB
Progress (1): 8.4 MB
Progress (1): 8.4 MB
Progress (1): 8.4 MB
Progress (1): 8.4 MB
Progress (1): 8.4 MB
Progress (1): 8.4 MB
Progress (1): 8.5 MB
Progress (1): 8.5 MB
Progress (1): 8.5 MB
Progress (1): 8.5 MB
Progress (1): 8.5 MB
Progress (1): 8.5 MB
Progress (1): 8.5 MB
Progress (1): 8.5 MB
Progress (1): 8.5 MB
Progress (1): 8.5 MB
Progress (1): 8.5 MB
Progress (1): 8.5 MB
Progress (1): 8.5 MB
Progress (1): 8.5 MB
Progress (1): 8.5 MB
Progress (1): 8.5 MB
Progress (1): 8.5 MB
Progress (1): 8.5 MB
Progress (1): 8.5 MB
Progress (1): 8.5 MB
Progress (1): 8.5 MB
Progress (1): 8.5 MB
Progress (1): 8.5 MB
Progress (1): 8.5 MB
Progress (1): 8.6 MB
Progress (1): 8.6 MB
Progress (1): 8.6 MB
Progress (1): 8.6 MB
Progress (1): 8.6 MB
Progress (1): 8.6 MB
Progress (1): 8.6 MB
Progress (1): 8.6 MB
Progress (1): 8.6 MB
Progress (1): 8.6 MB
Progress (1): 8.6 MB
Progress (1): 8.6 MB
Progress (1): 8.6 MB
Progress (1): 8.6 MB
Progress (1): 8.6 MB
Progress (1): 8.6 MB
Progress (1): 8.6 MB
Progress (1): 8.6 MB
Progress (1): 8.6 MB
Progress (1): 8.6 MB
Progress (1): 8.6 MB
Progress (1): 8.6 MB
Progress (1): 8.6 MB
Progress (1): 8.6 MB
Progress (1): 8.6 MB
Progress (1): 8.7 MB
Progress (1): 8.7 MB
Progress (1): 8.7 MB
Progress (1): 8.7 MB
Progress (1): 8.7 MB
Progress (1): 8.7 MB
Progress (1): 8.7 MB
Progress (1): 8.7 MB
Progress (1): 8.7 MB
Progress (1): 8.7 MB
Progress (1): 8.7 MB
Progress (1): 8.7 MB
Progress (1): 8.7 MB
Progress (1): 8.7 MB
Progress (1): 8.7 MB
Progress (1): 8.7 MB
Progress (1): 8.7 MB
Progress (1): 8.7 MB
Progress (1): 8.7 MB
Progress (1): 8.7 MB
Progress (1): 8.7 MB
Progress (1): 8.7 MB
Progress (1): 8.7 MB
Progress (1): 8.7 MB
Progress (1): 8.8 MB
Progress (1): 8.8 MB
Progress (1): 8.8 MB
Progress (1): 8.8 MB
Progress (1): 8.8 MB
Progress (1): 8.8 MB
Progress (1): 8.8 MB
Progress (1): 8.8 MB
Progress (1): 8.8 MB
Progress (1): 8.8 MB
Progress (1): 8.8 MB
Progress (1): 8.8 MB
Progress (1): 8.8 MB
Progress (1): 8.8 MB
Progress (1): 8.8 MB
Progress (1): 8.8 MB
Progress (1): 8.8 MB
Progress (1): 8.8 MB
Progress (1): 8.8 MB
Progress (1): 8.8 MB
Progress (1): 8.8 MB
Progress (1): 8.8 MB
Progress (1): 8.8 MB
Progress (1): 8.8 MB
Progress (1): 8.9 MB
Progress (1): 8.9 MB
Progress (1): 8.9 MB
Progress (1): 8.9 MB
Progress (1): 8.9 MB
Progress (1): 8.9 MB
Progress (1): 8.9 MB
Progress (1): 8.9 MB
Progress (1): 8.9 MB
Progress (1): 8.9 MB
Progress (1): 8.9 MB
Progress (1): 8.9 MB
Progress (1): 8.9 MB
Progress (1): 8.9 MB
Progress (1): 8.9 MB
Progress (1): 8.9 MB
Progress (1): 8.9 MB
Progress (1): 8.9 MB
Progress (1): 8.9 MB
Progress (1): 8.9 MB
Progress (1): 8.9 MB
Progress (1): 8.9 MB
Progress (1): 8.9 MB
Progress (1): 8.9 MB
Progress (1): 8.9 MB
Progress (1): 9.0 MB
Progress (1): 9.0 MB
Progress (1): 9.0 MB
Progress (1): 9.0 MB
Progress (1): 9.0 MB
Progress (1): 9.0 MB
Progress (1): 9.0 MB
Progress (1): 9.0 MB
Progress (1): 9.0 MB
Progress (1): 9.0 MB
Progress (1): 9.0 MB
Progress (1): 9.0 MB
Progress (1): 9.0 MB
Progress (1): 9.0 MB
Progress (1): 9.0 MB
Progress (1): 9.0 MB
Progress (1): 9.0 MB
Progress (1): 9.0 MB
Progress (1): 9.0 MB
Progress (1): 9.0 MB
Progress (1): 9.0 MB
Progress (1): 9.0 MB
Progress (1): 9.0 MB
Progress (1): 9.0 MB
Progress (1): 9.1 MB
Progress (1): 9.1 MB
Progress (1): 9.1 MB
Progress (1): 9.1 MB
Progress (1): 9.1 MB
Progress (1): 9.1 MB
Progress (1): 9.1 MB
Progress (1): 9.1 MB
Progress (1): 9.1 MB
Progress (1): 9.1 MB
Progress (1): 9.1 MB
Progress (1): 9.1 MB
Progress (1): 9.1 MB
Progress (1): 9.1 MB
Progress (1): 9.1 MB
Progress (1): 9.1 MB
Progress (1): 9.1 MB
Progress (1): 9.1 MB
Progress (1): 9.1 MB
Progress (1): 9.1 MB
Progress (1): 9.1 MB
Progress (1): 9.1 MB
Progress (1): 9.1 MB
Progress (1): 9.1 MB
Progress (1): 9.1 MB
Progress (1): 9.2 MB
Progress (1): 9.2 MB
Progress (1): 9.2 MB
Progress (1): 9.2 MB
Progress (1): 9.2 MB
Progress (1): 9.2 MB
Progress (1): 9.2 MB
Progress (1): 9.2 MB
Progress (1): 9.2 MB
Progress (1): 9.2 MB
Progress (1): 9.2 MB
Progress (1): 9.2 MB
Progress (1): 9.2 MB
Progress (1): 9.2 MB
Progress (1): 9.2 MB
Progress (1): 9.2 MB
Progress (1): 9.2 MB
Progress (1): 9.2 MB
Progress (1): 9.2 MB
Progress (1): 9.2 MB
Progress (1): 9.2 MB
Progress (1): 9.2 MB
Progress (1): 9.2 MB
Progress (1): 9.2 MB
Progress (1): 9.3 MB
Progress (1): 9.3 MB
Progress (1): 9.3 MB
Progress (1): 9.3 MB
Progress (1): 9.3 MB
Progress (1): 9.3 MB
Progress (1): 9.3 MB
Progress (1): 9.3 MB
Progress (1): 9.3 MB
Progress (1): 9.3 MB
Progress (1): 9.3 MB
Progress (1): 9.3 MB
Progress (1): 9.3 MB
Progress (1): 9.3 MB
Progress (1): 9.3 MB
Progress (1): 9.3 MB
Progress (1): 9.3 MB
Progress (1): 9.3 MB
Progress (1): 9.3 MB
Progress (1): 9.3 MB
Progress (1): 9.3 MB
Progress (1): 9.3 MB
Progress (1): 9.3 MB
Progress (1): 9.3 MB
Progress (1): 9.4 MB
Progress (1): 9.4 MB
Progress (1): 9.4 MB
Progress (1): 9.4 MB
Progress (1): 9.4 MB
Progress (1): 9.4 MB
Progress (1): 9.4 MB
Progress (1): 9.4 MB
Progress (1): 9.4 MB
Progress (1): 9.4 MB
Progress (1): 9.4 MB
Progress (1): 9.4 MB
Progress (1): 9.4 MB
Progress (1): 9.4 MB
Progress (1): 9.4 MB
Progress (1): 9.4 MB
Progress (1): 9.4 MB
Progress (1): 9.4 MB
Progress (1): 9.4 MB
Progress (1): 9.4 MB
Progress (1): 9.4 MB
Progress (1): 9.4 MB
Progress (1): 9.4 MB
Progress (1): 9.4 MB
Progress (1): 9.4 MB
Progress (1): 9.5 MB
Progress (1): 9.5 MB
Progress (1): 9.5 MB
Progress (1): 9.5 MB
Progress (1): 9.5 MB
Progress (1): 9.5 MB
Progress (1): 9.5 MB
Progress (1): 9.5 MB
Progress (1): 9.5 MB
Progress (1): 9.5 MB
Progress (1): 9.5 MB
Progress (1): 9.5 MB
Progress (1): 9.5 MB
Progress (1): 9.5 MB
Progress (1): 9.5 MB
Progress (1): 9.5 MB
Progress (1): 9.5 MB
Progress (1): 9.5 MB
Progress (1): 9.5 MB
Progress (1): 9.5 MB
Progress (1): 9.5 MB
Progress (1): 9.5 MB
Progress (1): 9.5 MB
Progress (1): 9.5 MB
Progress (1): 9.6 MB
Progress (1): 9.6 MB
Progress (1): 9.6 MB
Progress (1): 9.6 MB
Progress (1): 9.6 MB
Progress (1): 9.6 MB
Progress (1): 9.6 MB
Progress (1): 9.6 MB
Progress (1): 9.6 MB
Progress (1): 9.6 MB
Progress (1): 9.6 MB
Progress (1): 9.6 MB
Progress (1): 9.6 MB
Progress (1): 9.6 MB
Progress (1): 9.6 MB
Progress (1): 9.6 MB
Progress (1): 9.6 MB
Progress (1): 9.6 MB
Progress (1): 9.6 MB
Progress (1): 9.6 MB
Progress (1): 9.6 MB
Progress (1): 9.6 MB
Progress (1): 9.6 MB
Progress (1): 9.6 MB
Progress (1): 9.6 MB
Progress (1): 9.7 MB
Progress (1): 9.7 MB
Progress (1): 9.7 MB
Progress (1): 9.7 MB
Progress (1): 9.7 MB
Progress (1): 9.7 MB
Progress (1): 9.7 MB
Progress (1): 9.7 MB
Progress (1): 9.7 MB
Progress (1): 9.7 MB
Progress (1): 9.7 MB
Progress (1): 9.7 MB
Progress (1): 9.7 MB
Progress (1): 9.7 MB
Progress (1): 9.7 MB
Progress (1): 9.7 MB
Progress (1): 9.7 MB
Progress (1): 9.7 MB
Progress (1): 9.7 MB
Progress (1): 9.7 MB
Progress (1): 9.7 MB
Progress (1): 9.7 MB
Progress (1): 9.7 MB
Progress (1): 9.7 MB
Progress (1): 9.8 MB
Progress (1): 9.8 MB
Progress (1): 9.8 MB
Progress (1): 9.8 MB
Progress (1): 9.8 MB
Progress (1): 9.8 MB
Progress (1): 9.8 MB
Progress (1): 9.8 MB
Progress (1): 9.8 MB
Progress (1): 9.8 MB
Progress (1): 9.8 MB
Progress (1): 9.8 MB
Progress (1): 9.8 MB
Progress (1): 9.8 MB
Progress (1): 9.8 MB
Progress (1): 9.8 MB
Progress (1): 9.8 MB
Progress (1): 9.8 MB
Progress (1): 9.8 MB
Progress (1): 9.8 MB
Progress (1): 9.8 MB
Progress (1): 9.8 MB
Progress (1): 9.8 MB
Progress (1): 9.8 MB
Progress (1): 9.8 MB
Progress (1): 9.9 MB
Progress (1): 9.9 MB
Progress (1): 9.9 MB
Progress (1): 9.9 MB
Progress (1): 9.9 MB
Progress (1): 9.9 MB
Progress (1): 9.9 MB
Progress (1): 9.9 MB
Progress (1): 9.9 MB
Progress (1): 9.9 MB
Progress (1): 9.9 MB
Progress (1): 9.9 MB
Progress (1): 9.9 MB
Progress (1): 9.9 MB
Progress (1): 9.9 MB
Progress (1): 9.9 MB
Progress (1): 9.9 MB
Progress (1): 9.9 MB
                    
Downloaded from aiban-tianyin-core: https://aiban-maven.pkg.coding.net/repository/tianyin/core/com/aliyun/openservices/ons-client/1.8.8.1.Final/ons-client-1.8.8.1.Final.jar (9.9 MB at 4.5 MB/s)
[[1;34mINFO[m] 
[[1;34mINFO[m] [1m--- [0;32mmaven-clean-plugin:3.1.0:clean[m [1m(default-clean)[m @ [36maliyun-ons-spring-boot-starter[0;1m ---[m
[[1;34mINFO[m] Deleting /Users/wandl/workspaces/workspace-ddd4j/workspace-ddd4j-boot-starters/aliyun-ons-spring-boot-starter/target
[[1;34mINFO[m] 
[[1;34mINFO[m] [1m--- [0;32mmaven-enforcer-plugin:3.0.0-M3:enforce[m [1m(default-cli)[m @ [36maliyun-ons-spring-boot-starter[0;1m ---[m
[[1;34mINFO[m] 
[[1;34mINFO[m] [1m--- [0;32mmaven-resources-plugin:3.1.0:resources[m [1m(default-resources)[m @ [36maliyun-ons-spring-boot-starter[0;1m ---[m
[[1;34mINFO[m] Using 'UTF-8' encoding to copy filtered resources.
[[1;34mINFO[m] Copying 0 resource
[[1;34mINFO[m] Copying 2 resources
[[1;34mINFO[m] 
[[1;34mINFO[m] [1m--- [0;32mmaven-compiler-plugin:3.8.1:compile[m [1m(default-compile)[m @ [36maliyun-ons-spring-boot-starter[0;1m ---[m
[[1;34mINFO[m] Changes detected - recompiling the module!
[[1;34mINFO[m] Compiling 11 source files to /Users/wandl/workspaces/workspace-ddd4j/workspace-ddd4j-boot-starters/aliyun-ons-spring-boot-starter/target/classes
[[1;34mINFO[m] [1m------------------------------------------------------------------------[m
[[1;34mINFO[m] [1;31mBUILD FAILURE[m
[[1;34mINFO[m] [1m------------------------------------------------------------------------[m
[[1;34mINFO[m] Total time:  4.543 s
[[1;34mINFO[m] Finished at: 2026-03-16T13:38:08+08:00
[[1;34mINFO[m] [1m------------------------------------------------------------------------[m
[[1;31mERROR[m] Failed to execute goal [32morg.apache.maven.plugins:maven-compiler-plugin:3.8.1:compile[m [1m(default-compile)[m on project [36maliyun-ons-spring-boot-starter[m: [1;31mFatal error compiling[m: java.lang.IllegalAccessError: class lombok.javac.apt.LombokProcessor (in unnamed module @0x3d512652) cannot access class com.sun.tools.javac.processing.JavacProcessingEnvironment (in module jdk.compiler) because module jdk.compiler does not export com.sun.tools.javac.processing to unnamed module @0x3d512652 -> [1m[Help 1][m
[[1;31mERROR[m] 
[[1;31mERROR[m] To see the full stack trace of the errors, re-run Maven with the [1m-e[m switch.
[[1;31mERROR[m] Re-run Maven using the [1m-X[m switch to enable full debug logging.
[[1;31mERROR[m] 
[[1;31mERROR[m] For more information about the errors and possible solutions, please read the following articles:
[[1;31mERROR[m] [1m[Help 1][m http://cwiki.apache.org/confluence/display/MAVEN/MojoExecutionException
[aliyun-ons-spring-boot-starter/2.3.x] 失败 - 查看日志
[[1;34mINFO[m] Scanning for projects...
[[1;34mINFO[m] 
[[1;34mINFO[m] [1m----------< [0;36mio.github.hiwepy:aliyun-ons-spring-boot-starter[0;1m >----------[m
[[1;34mINFO[m] [1mBuilding io.github.hiwepy:aliyun-ons-spring-boot-starter 2.7.x.20240823.RELEASE[m
[[1;34mINFO[m] [1m--------------------------------[ jar ]---------------------------------[m
Downloading from aiban-tianyin-core: https://aiban-maven.pkg.coding.net/repository/tianyin/core/com/aliyun/openservices/ons-client/1.8.8.5.Final/ons-client-1.8.8.5.Final.pom
Progress (1): 2.6 kB
Progress (1): 6.7 kB
Progress (1): 11 kB 
Progress (1): 13 kB
                   
Downloaded from aiban-tianyin-core: https://aiban-maven.pkg.coding.net/repository/tianyin/core/com/aliyun/openservices/ons-client/1.8.8.5.Final/ons-client-1.8.8.5.Final.pom (13 kB at 21 kB/s)
Downloading from aiban-tianyin-core: https://aiban-maven.pkg.coding.net/repository/tianyin/core/com/aliyun/openservices/ons-client-all/1.8.8.5.Final/ons-client-all-1.8.8.5.Final.pom
Progress (1): 2.6 kB
Progress (1): 6.7 kB
Progress (1): 11 kB 
Progress (1): 14 kB
Progress (1): 14 kB
                   
Downloaded from aiban-tianyin-core: https://aiban-maven.pkg.coding.net/repository/tianyin/core/com/aliyun/openservices/ons-client-all/1.8.8.5.Final/ons-client-all-1.8.8.5.Final.pom (14 kB at 32 kB/s)
Downloading from aiban-tianyin-core: https://aiban-maven.pkg.coding.net/repository/tianyin/core/com/aliyun/openservices/ons-parent/1.8.8.5.Final/ons-parent-1.8.8.5.Final.pom
Progress (1): 4.0 kB
Progress (1): 8.1 kB
Progress (1): 11 kB 
Progress (1): 14 kB
Progress (1): 15 kB
                   
Downloaded from aiban-tianyin-core: https://aiban-maven.pkg.coding.net/repository/tianyin/core/com/aliyun/openservices/ons-parent/1.8.8.5.Final/ons-parent-1.8.8.5.Final.pom (15 kB at 47 kB/s)
Downloading from aiban-tianyin-core: https://aiban-maven.pkg.coding.net/repository/tianyin/core/com/aliyun/openservices/ons-client/1.8.8.5.Final/ons-client-1.8.8.5.Final.jar
Progress (1): 4.0 kB
Progress (1): 8.1 kB
Progress (1): 11 kB 
Progress (1): 14 kB
Progress (1): 17 kB
Progress (1): 21 kB
Progress (1): 25 kB
Progress (1): 29 kB
Progress (1): 33 kB
Progress (1): 37 kB
Progress (1): 39 kB
Progress (1): 42 kB
Progress (1): 45 kB
Progress (1): 49 kB
Progress (1): 53 kB
Progress (1): 57 kB
Progress (1): 61 kB
Progress (1): 65 kB
Progress (1): 70 kB
Progress (1): 73 kB
Progress (1): 76 kB
Progress (1): 78 kB
Progress (1): 83 kB
Progress (1): 87 kB
Progress (1): 91 kB
Progress (1): 95 kB
Progress (1): 99 kB
Progress (1): 103 kB
Progress (1): 107 kB
Progress (1): 111 kB
Progress (1): 115 kB
Progress (1): 119 kB
Progress (1): 123 kB
Progress (1): 128 kB
Progress (1): 132 kB
Progress (1): 136 kB
Progress (1): 140 kB
Progress (1): 144 kB
Progress (1): 148 kB
Progress (1): 152 kB
Progress (1): 156 kB
Progress (1): 160 kB
Progress (1): 164 kB
Progress (1): 169 kB
Progress (1): 173 kB
Progress (1): 177 kB
Progress (1): 181 kB
Progress (1): 185 kB
Progress (1): 189 kB
Progress (1): 193 kB
Progress (1): 197 kB
Progress (1): 201 kB
Progress (1): 205 kB
Progress (1): 209 kB
Progress (1): 214 kB
Progress (1): 218 kB
Progress (1): 222 kB
Progress (1): 226 kB
Progress (1): 230 kB
Progress (1): 234 kB
Progress (1): 238 kB
Progress (1): 242 kB
Progress (1): 246 kB
Progress (1): 250 kB
Progress (1): 255 kB
Progress (1): 259 kB
Progress (1): 263 kB
Progress (1): 267 kB
Progress (1): 271 kB
Progress (1): 275 kB
Progress (1): 279 kB
Progress (1): 283 kB
Progress (1): 287 kB
Progress (1): 291 kB
Progress (1): 295 kB
Progress (1): 300 kB
Progress (1): 304 kB
Progress (1): 308 kB
Progress (1): 312 kB
Progress (1): 316 kB
Progress (1): 320 kB
Progress (1): 324 kB
Progress (1): 328 kB
Progress (1): 332 kB
Progress (1): 336 kB
Progress (1): 341 kB
Progress (1): 345 kB
Progress (1): 349 kB
Progress (1): 353 kB
Progress (1): 357 kB
Progress (1): 361 kB
Progress (1): 365 kB
Progress (1): 369 kB
Progress (1): 373 kB
Progress (1): 377 kB
Progress (1): 382 kB
Progress (1): 386 kB
Progress (1): 390 kB
Progress (1): 394 kB
Progress (1): 398 kB
Progress (1): 402 kB
Progress (1): 406 kB
Progress (1): 410 kB
Progress (1): 414 kB
Progress (1): 418 kB
Progress (1): 422 kB
Progress (1): 427 kB
Progress (1): 431 kB
Progress (1): 435 kB
Progress (1): 439 kB
Progress (1): 443 kB
Progress (1): 447 kB
Progress (1): 451 kB
Progress (1): 455 kB
Progress (1): 459 kB
Progress (1): 463 kB
Progress (1): 468 kB
Progress (1): 472 kB
Progress (1): 476 kB
Progress (1): 480 kB
Progress (1): 484 kB
Progress (1): 488 kB
Progress (1): 492 kB
Progress (1): 496 kB
Progress (1): 500 kB
Progress (1): 504 kB
Progress (1): 508 kB
Progress (1): 513 kB
Progress (1): 517 kB
Progress (1): 521 kB
Progress (1): 525 kB
Progress (1): 529 kB
Progress (1): 533 kB
Progress (1): 537 kB
Progress (1): 541 kB
Progress (1): 545 kB
Progress (1): 549 kB
Progress (1): 554 kB
Progress (1): 558 kB
Progress (1): 562 kB
Progress (1): 566 kB
Progress (1): 570 kB
Progress (1): 574 kB
Progress (1): 578 kB
Progress (1): 582 kB
Progress (1): 586 kB
Progress (1): 590 kB
Progress (1): 594 kB
Progress (1): 599 kB
Progress (1): 603 kB
Progress (1): 607 kB
Progress (1): 611 kB
Progress (1): 615 kB
Progress (1): 619 kB
Progress (1): 623 kB
Progress (1): 627 kB
Progress (1): 631 kB
Progress (1): 635 kB
Progress (1): 640 kB
Progress (1): 644 kB
Progress (1): 648 kB
Progress (1): 652 kB
Progress (1): 656 kB
Progress (1): 660 kB
Progress (1): 664 kB
Progress (1): 668 kB
Progress (1): 672 kB
Progress (1): 676 kB
Progress (1): 680 kB
Progress (1): 685 kB
Progress (1): 689 kB
Progress (1): 693 kB
Progress (1): 697 kB
Progress (1): 701 kB
Progress (1): 705 kB
Progress (1): 709 kB
Progress (1): 713 kB
Progress (1): 717 kB
Progress (1): 721 kB
Progress (1): 726 kB
Progress (1): 730 kB
Progress (1): 734 kB
Progress (1): 738 kB
Progress (1): 742 kB
Progress (1): 746 kB
Progress (1): 750 kB
Progress (1): 754 kB
Progress (1): 758 kB
Progress (1): 762 kB
Progress (1): 766 kB
Progress (1): 771 kB
Progress (1): 775 kB
Progress (1): 779 kB
Progress (1): 783 kB
Progress (1): 787 kB
Progress (1): 791 kB
Progress (1): 795 kB
Progress (1): 799 kB
Progress (1): 803 kB
Progress (1): 807 kB
Progress (1): 812 kB
Progress (1): 816 kB
Progress (1): 820 kB
Progress (1): 824 kB
Progress (1): 828 kB
Progress (1): 832 kB
Progress (1): 836 kB
Progress (1): 840 kB
Progress (1): 844 kB
Progress (1): 848 kB
Progress (1): 852 kB
Progress (1): 857 kB
Progress (1): 861 kB
Progress (1): 865 kB
Progress (1): 869 kB
Progress (1): 873 kB
Progress (1): 877 kB
Progress (1): 881 kB
Progress (1): 885 kB
Progress (1): 889 kB
Progress (1): 893 kB
Progress (1): 898 kB
Progress (1): 902 kB
Progress (1): 906 kB
Progress (1): 910 kB
Progress (1): 914 kB
Progress (1): 918 kB
Progress (1): 922 kB
Progress (1): 926 kB
Progress (1): 930 kB
Progress (1): 934 kB
Progress (1): 938 kB
Progress (1): 943 kB
Progress (1): 947 kB
Progress (1): 951 kB
Progress (1): 955 kB
Progress (1): 959 kB
Progress (1): 963 kB
Progress (1): 967 kB
Progress (1): 971 kB
Progress (1): 975 kB
Progress (1): 979 kB
Progress (1): 984 kB
Progress (1): 986 kB
Progress (1): 990 kB
Progress (1): 994 kB
Progress (1): 998 kB
Progress (1): 1.0 MB
Progress (1): 1.0 MB
Progress (1): 1.0 MB
Progress (1): 1.0 MB
Progress (1): 1.0 MB
Progress (1): 1.0 MB
Progress (1): 1.0 MB
Progress (1): 1.0 MB
Progress (1): 1.0 MB
Progress (1): 1.0 MB
Progress (1): 1.0 MB
Progress (1): 1.0 MB
Progress (1): 1.0 MB
Progress (1): 1.1 MB
Progress (1): 1.1 MB
Progress (1): 1.1 MB
Progress (1): 1.1 MB
Progress (1): 1.1 MB
Progress (1): 1.1 MB
Progress (1): 1.1 MB
Progress (1): 1.1 MB
Progress (1): 1.1 MB
Progress (1): 1.1 MB
Progress (1): 1.1 MB
Progress (1): 1.1 MB
Progress (1): 1.1 MB
Progress (1): 1.1 MB
Progress (1): 1.1 MB
Progress (1): 1.1 MB
Progress (1): 1.1 MB
Progress (1): 1.1 MB
Progress (1): 1.1 MB
Progress (1): 1.1 MB
Progress (1): 1.1 MB
Progress (1): 1.1 MB
Progress (1): 1.1 MB
Progress (1): 1.1 MB
Progress (1): 1.1 MB
Progress (1): 1.1 MB
Progress (1): 1.2 MB
Progress (1): 1.2 MB
Progress (1): 1.2 MB
Progress (1): 1.2 MB
Progress (1): 1.2 MB
Progress (1): 1.2 MB
Progress (1): 1.2 MB
Progress (1): 1.2 MB
Progress (1): 1.2 MB
Progress (1): 1.2 MB
Progress (1): 1.2 MB
Progress (1): 1.2 MB
Progress (1): 1.2 MB
Progress (1): 1.2 MB
Progress (1): 1.2 MB
Progress (1): 1.2 MB
Progress (1): 1.2 MB
Progress (1): 1.2 MB
Progress (1): 1.2 MB
Progress (1): 1.2 MB
Progress (1): 1.2 MB
Progress (1): 1.2 MB
Progress (1): 1.2 MB
Progress (1): 1.2 MB
Progress (1): 1.2 MB
Progress (1): 1.3 MB
Progress (1): 1.3 MB
Progress (1): 1.3 MB
Progress (1): 1.3 MB
Progress (1): 1.3 MB
Progress (1): 1.3 MB
Progress (1): 1.3 MB
Progress (1): 1.3 MB
Progress (1): 1.3 MB
Progress (1): 1.3 MB
Progress (1): 1.3 MB
Progress (1): 1.3 MB
Progress (1): 1.3 MB
Progress (1): 1.3 MB
Progress (1): 1.3 MB
Progress (1): 1.3 MB
Progress (1): 1.3 MB
Progress (1): 1.3 MB
Progress (1): 1.3 MB
Progress (1): 1.3 MB
Progress (1): 1.3 MB
Progress (1): 1.3 MB
Progress (1): 1.3 MB
Progress (1): 1.3 MB
Progress (1): 1.3 MB
Progress (1): 1.3 MB
Progress (1): 1.4 MB
Progress (1): 1.4 MB
Progress (1): 1.4 MB
Progress (1): 1.4 MB
Progress (1): 1.4 MB
Progress (1): 1.4 MB
Progress (1): 1.4 MB
Progress (1): 1.4 MB
Progress (1): 1.4 MB
Progress (1): 1.4 MB
Progress (1): 1.4 MB
Progress (1): 1.4 MB
Progress (1): 1.4 MB
Progress (1): 1.4 MB
Progress (1): 1.4 MB
Progress (1): 1.4 MB
Progress (1): 1.4 MB
Progress (1): 1.4 MB
Progress (1): 1.4 MB
Progress (1): 1.4 MB
Progress (1): 1.4 MB
Progress (1): 1.4 MB
Progress (1): 1.4 MB
Progress (1): 1.4 MB
Progress (1): 1.4 MB
Progress (1): 1.4 MB
Progress (1): 1.4 MB
Progress (1): 1.5 MB
Progress (1): 1.5 MB
Progress (1): 1.5 MB
Progress (1): 1.5 MB
Progress (1): 1.5 MB
Progress (1): 1.5 MB
Progress (1): 1.5 MB
Progress (1): 1.5 MB
Progress (1): 1.5 MB
Progress (1): 1.5 MB
Progress (1): 1.5 MB
Progress (1): 1.5 MB
Progress (1): 1.5 MB
Progress (1): 1.5 MB
Progress (1): 1.5 MB
Progress (1): 1.5 MB
Progress (1): 1.5 MB
Progress (1): 1.5 MB
Progress (1): 1.5 MB
Progress (1): 1.5 MB
Progress (1): 1.5 MB
Progress (1): 1.5 MB
Progress (1): 1.5 MB
Progress (1): 1.5 MB
Progress (1): 1.5 MB
Progress (1): 1.6 MB
Progress (1): 1.6 MB
Progress (1): 1.6 MB
Progress (1): 1.6 MB
Progress (1): 1.6 MB
Progress (1): 1.6 MB
Progress (1): 1.6 MB
Progress (1): 1.6 MB
Progress (1): 1.6 MB
Progress (1): 1.6 MB
Progress (1): 1.6 MB
Progress (1): 1.6 MB
Progress (1): 1.6 MB
Progress (1): 1.6 MB
Progress (1): 1.6 MB
Progress (1): 1.6 MB
Progress (1): 1.6 MB
Progress (1): 1.6 MB
Progress (1): 1.6 MB
Progress (1): 1.6 MB
Progress (1): 1.6 MB
Progress (1): 1.6 MB
Progress (1): 1.6 MB
Progress (1): 1.6 MB
Progress (1): 1.6 MB
Progress (1): 1.6 MB
Progress (1): 1.7 MB
Progress (1): 1.7 MB
Progress (1): 1.7 MB
Progress (1): 1.7 MB
Progress (1): 1.7 MB
Progress (1): 1.7 MB
Progress (1): 1.7 MB
Progress (1): 1.7 MB
Progress (1): 1.7 MB
Progress (1): 1.7 MB
Progress (1): 1.7 MB
Progress (1): 1.7 MB
Progress (1): 1.7 MB
Progress (1): 1.7 MB
Progress (1): 1.7 MB
Progress (1): 1.7 MB
Progress (1): 1.7 MB
Progress (1): 1.7 MB
Progress (1): 1.7 MB
Progress (1): 1.7 MB
Progress (1): 1.7 MB
Progress (1): 1.7 MB
Progress (1): 1.7 MB
Progress (1): 1.7 MB
Progress (1): 1.7 MB
Progress (1): 1.7 MB
Progress (1): 1.8 MB
Progress (1): 1.8 MB
Progress (1): 1.8 MB
Progress (1): 1.8 MB
Progress (1): 1.8 MB
Progress (1): 1.8 MB
Progress (1): 1.8 MB
Progress (1): 1.8 MB
Progress (1): 1.8 MB
Progress (1): 1.8 MB
Progress (1): 1.8 MB
Progress (1): 1.8 MB
Progress (1): 1.8 MB
Progress (1): 1.8 MB
Progress (1): 1.8 MB
Progress (1): 1.8 MB
Progress (1): 1.8 MB
Progress (1): 1.8 MB
Progress (1): 1.8 MB
Progress (1): 1.8 MB
Progress (1): 1.8 MB
Progress (1): 1.8 MB
Progress (1): 1.8 MB
Progress (1): 1.8 MB
Progress (1): 1.8 MB
Progress (1): 1.8 MB
Progress (1): 1.9 MB
Progress (1): 1.9 MB
Progress (1): 1.9 MB
Progress (1): 1.9 MB
Progress (1): 1.9 MB
Progress (1): 1.9 MB
Progress (1): 1.9 MB
Progress (1): 1.9 MB
Progress (1): 1.9 MB
Progress (1): 1.9 MB
Progress (1): 1.9 MB
Progress (1): 1.9 MB
Progress (1): 1.9 MB
Progress (1): 1.9 MB
Progress (1): 1.9 MB
Progress (1): 1.9 MB
Progress (1): 1.9 MB
Progress (1): 1.9 MB
Progress (1): 1.9 MB
Progress (1): 1.9 MB
Progress (1): 1.9 MB
Progress (1): 1.9 MB
Progress (1): 1.9 MB
Progress (1): 1.9 MB
Progress (1): 1.9 MB
Progress (1): 2.0 MB
Progress (1): 2.0 MB
Progress (1): 2.0 MB
Progress (1): 2.0 MB
Progress (1): 2.0 MB
Progress (1): 2.0 MB
Progress (1): 2.0 MB
Progress (1): 2.0 MB
Progress (1): 2.0 MB
Progress (1): 2.0 MB
Progress (1): 2.0 MB
Progress (1): 2.0 MB
Progress (1): 2.0 MB
Progress (1): 2.0 MB
Progress (1): 2.0 MB
Progress (1): 2.0 MB
Progress (1): 2.0 MB
Progress (1): 2.0 MB
Progress (1): 2.0 MB
Progress (1): 2.0 MB
Progress (1): 2.0 MB
Progress (1): 2.0 MB
Progress (1): 2.0 MB
Progress (1): 2.0 MB
Progress (1): 2.0 MB
Progress (1): 2.1 MB
Progress (1): 2.1 MB
Progress (1): 2.1 MB
Progress (1): 2.1 MB
Progress (1): 2.1 MB
Progress (1): 2.1 MB
Progress (1): 2.1 MB
Progress (1): 2.1 MB
Progress (1): 2.1 MB
Progress (1): 2.1 MB
Progress (1): 2.1 MB
Progress (1): 2.1 MB
Progress (1): 2.1 MB
Progress (1): 2.1 MB
Progress (1): 2.1 MB
Progress (1): 2.1 MB
Progress (1): 2.1 MB
Progress (1): 2.1 MB
Progress (1): 2.1 MB
Progress (1): 2.1 MB
Progress (1): 2.1 MB
Progress (1): 2.1 MB
Progress (1): 2.1 MB
Progress (1): 2.1 MB
Progress (1): 2.1 MB
Progress (1): 2.1 MB
Progress (1): 2.1 MB
Progress (1): 2.1 MB
Progress (1): 2.2 MB
Progress (1): 2.2 MB
Progress (1): 2.2 MB
Progress (1): 2.2 MB
Progress (1): 2.2 MB
Progress (1): 2.2 MB
Progress (1): 2.2 MB
Progress (1): 2.2 MB
Progress (1): 2.2 MB
Progress (1): 2.2 MB
Progress (1): 2.2 MB
Progress (1): 2.2 MB
Progress (1): 2.2 MB
Progress (1): 2.2 MB
Progress (1): 2.2 MB
Progress (1): 2.2 MB
Progress (1): 2.2 MB
Progress (1): 2.2 MB
Progress (1): 2.2 MB
Progress (1): 2.2 MB
Progress (1): 2.2 MB
Progress (1): 2.2 MB
Progress (1): 2.2 MB
Progress (1): 2.2 MB
Progress (1): 2.2 MB
Progress (1): 2.3 MB
Progress (1): 2.3 MB
Progress (1): 2.3 MB
Progress (1): 2.3 MB
Progress (1): 2.3 MB
Progress (1): 2.3 MB
Progress (1): 2.3 MB
Progress (1): 2.3 MB
Progress (1): 2.3 MB
Progress (1): 2.3 MB
Progress (1): 2.3 MB
Progress (1): 2.3 MB
Progress (1): 2.3 MB
Progress (1): 2.3 MB
Progress (1): 2.3 MB
Progress (1): 2.3 MB
Progress (1): 2.3 MB
Progress (1): 2.3 MB
Progress (1): 2.3 MB
Progress (1): 2.3 MB
Progress (1): 2.3 MB
Progress (1): 2.3 MB
Progress (1): 2.3 MB
Progress (1): 2.3 MB
Progress (1): 2.3 MB
Progress (1): 2.4 MB
Progress (1): 2.4 MB
Progress (1): 2.4 MB
Progress (1): 2.4 MB
Progress (1): 2.4 MB
Progress (1): 2.4 MB
Progress (1): 2.4 MB
Progress (1): 2.4 MB
Progress (1): 2.4 MB
Progress (1): 2.4 MB
Progress (1): 2.4 MB
Progress (1): 2.4 MB
Progress (1): 2.4 MB
Progress (1): 2.4 MB
Progress (1): 2.4 MB
Progress (1): 2.4 MB
Progress (1): 2.4 MB
Progress (1): 2.4 MB
Progress (1): 2.4 MB
Progress (1): 2.4 MB
Progress (1): 2.4 MB
Progress (1): 2.4 MB
Progress (1): 2.4 MB
Progress (1): 2.4 MB
Progress (1): 2.4 MB
Progress (1): 2.4 MB
Progress (1): 2.5 MB
Progress (1): 2.5 MB
Progress (1): 2.5 MB
Progress (1): 2.5 MB
Progress (1): 2.5 MB
Progress (1): 2.5 MB
Progress (1): 2.5 MB
Progress (1): 2.5 MB
Progress (1): 2.5 MB
Progress (1): 2.5 MB
Progress (1): 2.5 MB
Progress (1): 2.5 MB
Progress (1): 2.5 MB
Progress (1): 2.5 MB
Progress (1): 2.5 MB
Progress (1): 2.5 MB
Progress (1): 2.5 MB
Progress (1): 2.5 MB
Progress (1): 2.5 MB
Progress (1): 2.5 MB
Progress (1): 2.5 MB
Progress (1): 2.5 MB
Progress (1): 2.5 MB
Progress (1): 2.5 MB
Progress (1): 2.6 MB
Progress (1): 2.6 MB
Progress (1): 2.6 MB
Progress (1): 2.6 MB
Progress (1): 2.6 MB
Progress (1): 2.6 MB
Progress (1): 2.6 MB
Progress (1): 2.6 MB
Progress (1): 2.6 MB
Progress (1): 2.6 MB
Progress (1): 2.6 MB
Progress (1): 2.6 MB
Progress (1): 2.6 MB
Progress (1): 2.6 MB
Progress (1): 2.6 MB
Progress (1): 2.6 MB
Progress (1): 2.6 MB
Progress (1): 2.6 MB
Progress (1): 2.6 MB
Progress (1): 2.6 MB
Progress (1): 2.6 MB
Progress (1): 2.6 MB
Progress (1): 2.6 MB
Progress (1): 2.6 MB
Progress (1): 2.6 MB
Progress (1): 2.7 MB
Progress (1): 2.7 MB
Progress (1): 2.7 MB
Progress (1): 2.7 MB
Progress (1): 2.7 MB
Progress (1): 2.7 MB
Progress (1): 2.7 MB
Progress (1): 2.7 MB
Progress (1): 2.7 MB
Progress (1): 2.7 MB
Progress (1): 2.7 MB
Progress (1): 2.7 MB
Progress (1): 2.7 MB
Progress (1): 2.7 MB
Progress (1): 2.7 MB
Progress (1): 2.7 MB
Progress (1): 2.7 MB
Progress (1): 2.7 MB
Progress (1): 2.7 MB
Progress (1): 2.7 MB
Progress (1): 2.7 MB
Progress (1): 2.7 MB
Progress (1): 2.7 MB
Progress (1): 2.7 MB
Progress (1): 2.7 MB
Progress (1): 2.8 MB
Progress (1): 2.8 MB
Progress (1): 2.8 MB
Progress (1): 2.8 MB
Progress (1): 2.8 MB
Progress (1): 2.8 MB
Progress (1): 2.8 MB
Progress (1): 2.8 MB
Progress (1): 2.8 MB
Progress (1): 2.8 MB
Progress (1): 2.8 MB
Progress (1): 2.8 MB
Progress (1): 2.8 MB
Progress (1): 2.8 MB
Progress (1): 2.8 MB
Progress (1): 2.8 MB
Progress (1): 2.8 MB
Progress (1): 2.8 MB
Progress (1): 2.8 MB
Progress (1): 2.8 MB
Progress (1): 2.8 MB
Progress (1): 2.8 MB
Progress (1): 2.8 MB
Progress (1): 2.8 MB
Progress (1): 2.8 MB
Progress (1): 2.8 MB
Progress (1): 2.9 MB
Progress (1): 2.9 MB
Progress (1): 2.9 MB
Progress (1): 2.9 MB
Progress (1): 2.9 MB
Progress (1): 2.9 MB
Progress (1): 2.9 MB
Progress (1): 2.9 MB
Progress (1): 2.9 MB
Progress (1): 2.9 MB
Progress (1): 2.9 MB
Progress (1): 2.9 MB
Progress (1): 2.9 MB
Progress (1): 2.9 MB
Progress (1): 2.9 MB
Progress (1): 2.9 MB
Progress (1): 2.9 MB
Progress (1): 2.9 MB
Progress (1): 2.9 MB
Progress (1): 2.9 MB
Progress (1): 2.9 MB
Progress (1): 2.9 MB
Progress (1): 2.9 MB
Progress (1): 2.9 MB
Progress (1): 3.0 MB
Progress (1): 3.0 MB
Progress (1): 3.0 MB
Progress (1): 3.0 MB
Progress (1): 3.0 MB
Progress (1): 3.0 MB
Progress (1): 3.0 MB
Progress (1): 3.0 MB
Progress (1): 3.0 MB
Progress (1): 3.0 MB
Progress (1): 3.0 MB
Progress (1): 3.0 MB
Progress (1): 3.0 MB
Progress (1): 3.0 MB
Progress (1): 3.0 MB
Progress (1): 3.0 MB
Progress (1): 3.0 MB
Progress (1): 3.0 MB
Progress (1): 3.0 MB
Progress (1): 3.0 MB
Progress (1): 3.0 MB
Progress (1): 3.0 MB
Progress (1): 3.0 MB
Progress (1): 3.0 MB
Progress (1): 3.0 MB
Progress (1): 3.0 MB
Progress (1): 3.1 MB
Progress (1): 3.1 MB
Progress (1): 3.1 MB
Progress (1): 3.1 MB
Progress (1): 3.1 MB
Progress (1): 3.1 MB
Progress (1): 3.1 MB
Progress (1): 3.1 MB
Progress (1): 3.1 MB
Progress (1): 3.1 MB
Progress (1): 3.1 MB
Progress (1): 3.1 MB
Progress (1): 3.1 MB
Progress (1): 3.1 MB
Progress (1): 3.1 MB
Progress (1): 3.1 MB
Progress (1): 3.1 MB
Progress (1): 3.1 MB
Progress (1): 3.1 MB
Progress (1): 3.1 MB
Progress (1): 3.1 MB
Progress (1): 3.1 MB
Progress (1): 3.1 MB
Progress (1): 3.1 MB
Progress (1): 3.1 MB
Progress (1): 3.2 MB
Progress (1): 3.2 MB
Progress (1): 3.2 MB
Progress (1): 3.2 MB
Progress (1): 3.2 MB
Progress (1): 3.2 MB
Progress (1): 3.2 MB
Progress (1): 3.2 MB
Progress (1): 3.2 MB
Progress (1): 3.2 MB
Progress (1): 3.2 MB
Progress (1): 3.2 MB
Progress (1): 3.2 MB
Progress (1): 3.2 MB
Progress (1): 3.2 MB
Progress (1): 3.2 MB
Progress (1): 3.2 MB
Progress (1): 3.2 MB
Progress (1): 3.2 MB
Progress (1): 3.2 MB
Progress (1): 3.2 MB
Progress (1): 3.2 MB
Progress (1): 3.2 MB
Progress (1): 3.2 MB
Progress (1): 3.3 MB
Progress (1): 3.3 MB
Progress (1): 3.3 MB
Progress (1): 3.3 MB
Progress (1): 3.3 MB
Progress (1): 3.3 MB
Progress (1): 3.3 MB
Progress (1): 3.3 MB
Progress (1): 3.3 MB
Progress (1): 3.3 MB
Progress (1): 3.3 MB
Progress (1): 3.3 MB
Progress (1): 3.3 MB
Progress (1): 3.3 MB
Progress (1): 3.3 MB
Progress (1): 3.3 MB
Progress (1): 3.3 MB
Progress (1): 3.3 MB
Progress (1): 3.3 MB
Progress (1): 3.3 MB
Progress (1): 3.3 MB
Progress (1): 3.3 MB
Progress (1): 3.3 MB
Progress (1): 3.3 MB
Progress (1): 3.3 MB
Progress (1): 3.4 MB
Progress (1): 3.4 MB
Progress (1): 3.4 MB
Progress (1): 3.4 MB
Progress (1): 3.4 MB
Progress (1): 3.4 MB
Progress (1): 3.4 MB
Progress (1): 3.4 MB
Progress (1): 3.4 MB
Progress (1): 3.4 MB
Progress (1): 3.4 MB
Progress (1): 3.4 MB
Progress (1): 3.4 MB
Progress (1): 3.4 MB
Progress (1): 3.4 MB
Progress (1): 3.4 MB
Progress (1): 3.4 MB
Progress (1): 3.4 MB
Progress (1): 3.4 MB
Progress (1): 3.4 MB
Progress (1): 3.4 MB
Progress (1): 3.4 MB
Progress (1): 3.4 MB
Progress (1): 3.4 MB
Progress (1): 3.4 MB
Progress (1): 3.5 MB
Progress (1): 3.5 MB
Progress (1): 3.5 MB
Progress (1): 3.5 MB
Progress (1): 3.5 MB
Progress (1): 3.5 MB
Progress (1): 3.5 MB
Progress (1): 3.5 MB
Progress (1): 3.5 MB
Progress (1): 3.5 MB
Progress (1): 3.5 MB
Progress (1): 3.5 MB
Progress (1): 3.5 MB
Progress (1): 3.5 MB
Progress (1): 3.5 MB
Progress (1): 3.5 MB
Progress (1): 3.5 MB
Progress (1): 3.5 MB
Progress (1): 3.5 MB
Progress (1): 3.5 MB
Progress (1): 3.5 MB
Progress (1): 3.5 MB
Progress (1): 3.5 MB
Progress (1): 3.5 MB
Progress (1): 3.6 MB
Progress (1): 3.6 MB
Progress (1): 3.6 MB
Progress (1): 3.6 MB
Progress (1): 3.6 MB
Progress (1): 3.6 MB
Progress (1): 3.6 MB
Progress (1): 3.6 MB
Progress (1): 3.6 MB
Progress (1): 3.6 MB
Progress (1): 3.6 MB
Progress (1): 3.6 MB
Progress (1): 3.6 MB
Progress (1): 3.6 MB
Progress (1): 3.6 MB
Progress (1): 3.6 MB
Progress (1): 3.6 MB
Progress (1): 3.6 MB
Progress (1): 3.6 MB
Progress (1): 3.6 MB
Progress (1): 3.6 MB
Progress (1): 3.6 MB
Progress (1): 3.6 MB
Progress (1): 3.6 MB
Progress (1): 3.6 MB
Progress (1): 3.7 MB
Progress (1): 3.7 MB
Progress (1): 3.7 MB
Progress (1): 3.7 MB
Progress (1): 3.7 MB
Progress (1): 3.7 MB
Progress (1): 3.7 MB
Progress (1): 3.7 MB
Progress (1): 3.7 MB
Progress (1): 3.7 MB
Progress (1): 3.7 MB
Progress (1): 3.7 MB
Progress (1): 3.7 MB
Progress (1): 3.7 MB
Progress (1): 3.7 MB
Progress (1): 3.7 MB
Progress (1): 3.7 MB
Progress (1): 3.7 MB
Progress (1): 3.7 MB
Progress (1): 3.7 MB
Progress (1): 3.7 MB
Progress (1): 3.7 MB
Progress (1): 3.7 MB
Progress (1): 3.7 MB
Progress (1): 3.7 MB
Progress (1): 3.8 MB
Progress (1): 3.8 MB
Progress (1): 3.8 MB
Progress (1): 3.8 MB
Progress (1): 3.8 MB
Progress (1): 3.8 MB
Progress (1): 3.8 MB
Progress (1): 3.8 MB
Progress (1): 3.8 MB
Progress (1): 3.8 MB
Progress (1): 3.8 MB
Progress (1): 3.8 MB
Progress (1): 3.8 MB
Progress (1): 3.8 MB
Progress (1): 3.8 MB
Progress (1): 3.8 MB
Progress (1): 3.8 MB
Progress (1): 3.8 MB
Progress (1): 3.8 MB
Progress (1): 3.8 MB
Progress (1): 3.8 MB
Progress (1): 3.8 MB
Progress (1): 3.8 MB
Progress (1): 3.8 MB
Progress (1): 3.8 MB
Progress (1): 3.9 MB
Progress (1): 3.9 MB
Progress (1): 3.9 MB
Progress (1): 3.9 MB
Progress (1): 3.9 MB
Progress (1): 3.9 MB
Progress (1): 3.9 MB
Progress (1): 3.9 MB
Progress (1): 3.9 MB
Progress (1): 3.9 MB
Progress (1): 3.9 MB
Progress (1): 3.9 MB
Progress (1): 3.9 MB
Progress (1): 3.9 MB
Progress (1): 3.9 MB
Progress (1): 3.9 MB
Progress (1): 3.9 MB
Progress (1): 3.9 MB
Progress (1): 3.9 MB
Progress (1): 3.9 MB
Progress (1): 3.9 MB
Progress (1): 3.9 MB
Progress (1): 3.9 MB
Progress (1): 3.9 MB
Progress (1): 4.0 MB
Progress (1): 4.0 MB
Progress (1): 4.0 MB
Progress (1): 4.0 MB
Progress (1): 4.0 MB
Progress (1): 4.0 MB
Progress (1): 4.0 MB
Progress (1): 4.0 MB
Progress (1): 4.0 MB
Progress (1): 4.0 MB
Progress (1): 4.0 MB
Progress (1): 4.0 MB
Progress (1): 4.0 MB
Progress (1): 4.0 MB
Progress (1): 4.0 MB
Progress (1): 4.0 MB
Progress (1): 4.0 MB
Progress (1): 4.0 MB
Progress (1): 4.0 MB
Progress (1): 4.0 MB
Progress (1): 4.0 MB
Progress (1): 4.0 MB
Progress (1): 4.0 MB
Progress (1): 4.0 MB
Progress (1): 4.0 MB
Progress (1): 4.1 MB
Progress (1): 4.1 MB
Progress (1): 4.1 MB
Progress (1): 4.1 MB
Progress (1): 4.1 MB
Progress (1): 4.1 MB
Progress (1): 4.1 MB
Progress (1): 4.1 MB
Progress (1): 4.1 MB
Progress (1): 4.1 MB
Progress (1): 4.1 MB
Progress (1): 4.1 MB
Progress (1): 4.1 MB
Progress (1): 4.1 MB
Progress (1): 4.1 MB
Progress (1): 4.1 MB
Progress (1): 4.1 MB
Progress (1): 4.1 MB
Progress (1): 4.1 MB
Progress (1): 4.1 MB
Progress (1): 4.1 MB
Progress (1): 4.1 MB
Progress (1): 4.1 MB
Progress (1): 4.1 MB
Progress (1): 4.1 MB
Progress (1): 4.2 MB
Progress (1): 4.2 MB
Progress (1): 4.2 MB
Progress (1): 4.2 MB
Progress (1): 4.2 MB
Progress (1): 4.2 MB
Progress (1): 4.2 MB
Progress (1): 4.2 MB
Progress (1): 4.2 MB
Progress (1): 4.2 MB
Progress (1): 4.2 MB
Progress (1): 4.2 MB
Progress (1): 4.2 MB
Progress (1): 4.2 MB
Progress (1): 4.2 MB
Progress (1): 4.2 MB
Progress (1): 4.2 MB
Progress (1): 4.2 MB
Progress (1): 4.2 MB
Progress (1): 4.2 MB
Progress (1): 4.2 MB
Progress (1): 4.2 MB
Progress (1): 4.2 MB
Progress (1): 4.2 MB
Progress (1): 4.3 MB
Progress (1): 4.3 MB
Progress (1): 4.3 MB
Progress (1): 4.3 MB
Progress (1): 4.3 MB
Progress (1): 4.3 MB
Progress (1): 4.3 MB
Progress (1): 4.3 MB
Progress (1): 4.3 MB
Progress (1): 4.3 MB
Progress (1): 4.3 MB
Progress (1): 4.3 MB
Progress (1): 4.3 MB
Progress (1): 4.3 MB
Progress (1): 4.3 MB
Progress (1): 4.3 MB
Progress (1): 4.3 MB
Progress (1): 4.3 MB
Progress (1): 4.3 MB
Progress (1): 4.3 MB
Progress (1): 4.3 MB
Progress (1): 4.3 MB
Progress (1): 4.3 MB
Progress (1): 4.3 MB
Progress (1): 4.3 MB
Progress (1): 4.4 MB
Progress (1): 4.4 MB
Progress (1): 4.4 MB
Progress (1): 4.4 MB
Progress (1): 4.4 MB
Progress (1): 4.4 MB
Progress (1): 4.4 MB
Progress (1): 4.4 MB
Progress (1): 4.4 MB
Progress (1): 4.4 MB
Progress (1): 4.4 MB
Progress (1): 4.4 MB
Progress (1): 4.4 MB
Progress (1): 4.4 MB
Progress (1): 4.4 MB
Progress (1): 4.4 MB
Progress (1): 4.4 MB
Progress (1): 4.4 MB
Progress (1): 4.4 MB
Progress (1): 4.4 MB
Progress (1): 4.4 MB
Progress (1): 4.4 MB
Progress (1): 4.4 MB
Progress (1): 4.4 MB
Progress (1): 4.5 MB
Progress (1): 4.5 MB
Progress (1): 4.5 MB
Progress (1): 4.5 MB
Progress (1): 4.5 MB
Progress (1): 4.5 MB
Progress (1): 4.5 MB
Progress (1): 4.5 MB
Progress (1): 4.5 MB
Progress (1): 4.5 MB
Progress (1): 4.5 MB
Progress (1): 4.5 MB
Progress (1): 4.5 MB
Progress (1): 4.5 MB
Progress (1): 4.5 MB
Progress (1): 4.5 MB
Progress (1): 4.5 MB
Progress (1): 4.5 MB
Progress (1): 4.5 MB
Progress (1): 4.5 MB
Progress (1): 4.5 MB
Progress (1): 4.5 MB
Progress (1): 4.5 MB
Progress (1): 4.5 MB
Progress (1): 4.5 MB
Progress (1): 4.5 MB
Progress (1): 4.5 MB
Progress (1): 4.6 MB
Progress (1): 4.6 MB
Progress (1): 4.6 MB
Progress (1): 4.6 MB
Progress (1): 4.6 MB
Progress (1): 4.6 MB
Progress (1): 4.6 MB
Progress (1): 4.6 MB
Progress (1): 4.6 MB
Progress (1): 4.6 MB
Progress (1): 4.6 MB
Progress (1): 4.6 MB
Progress (1): 4.6 MB
Progress (1): 4.6 MB
Progress (1): 4.6 MB
Progress (1): 4.6 MB
Progress (1): 4.6 MB
Progress (1): 4.6 MB
Progress (1): 4.6 MB
Progress (1): 4.6 MB
Progress (1): 4.6 MB
Progress (1): 4.6 MB
Progress (1): 4.6 MB
Progress (1): 4.6 MB
Progress (1): 4.6 MB
Progress (1): 4.6 MB
Progress (1): 4.7 MB
Progress (1): 4.7 MB
Progress (1): 4.7 MB
Progress (1): 4.7 MB
Progress (1): 4.7 MB
Progress (1): 4.7 MB
Progress (1): 4.7 MB
Progress (1): 4.7 MB
Progress (1): 4.7 MB
Progress (1): 4.7 MB
Progress (1): 4.7 MB
Progress (1): 4.7 MB
Progress (1): 4.7 MB
Progress (1): 4.7 MB
Progress (1): 4.7 MB
Progress (1): 4.7 MB
Progress (1): 4.7 MB
Progress (1): 4.7 MB
Progress (1): 4.7 MB
Progress (1): 4.7 MB
Progress (1): 4.7 MB
Progress (1): 4.7 MB
Progress (1): 4.7 MB
Progress (1): 4.7 MB
Progress (1): 4.7 MB
Progress (1): 4.7 MB
Progress (1): 4.8 MB
Progress (1): 4.8 MB
Progress (1): 4.8 MB
Progress (1): 4.8 MB
Progress (1): 4.8 MB
Progress (1): 4.8 MB
Progress (1): 4.8 MB
Progress (1): 4.8 MB
Progress (1): 4.8 MB
Progress (1): 4.8 MB
Progress (1): 4.8 MB
Progress (1): 4.8 MB
Progress (1): 4.8 MB
Progress (1): 4.8 MB
Progress (1): 4.8 MB
Progress (1): 4.8 MB
Progress (1): 4.8 MB
Progress (1): 4.8 MB
Progress (1): 4.8 MB
Progress (1): 4.8 MB
Progress (1): 4.8 MB
Progress (1): 4.8 MB
Progress (1): 4.8 MB
Progress (1): 4.8 MB
Progress (1): 4.9 MB
Progress (1): 4.9 MB
Progress (1): 4.9 MB
Progress (1): 4.9 MB
Progress (1): 4.9 MB
Progress (1): 4.9 MB
Progress (1): 4.9 MB
Progress (1): 4.9 MB
Progress (1): 4.9 MB
Progress (1): 4.9 MB
Progress (1): 4.9 MB
Progress (1): 4.9 MB
Progress (1): 4.9 MB
Progress (1): 4.9 MB
Progress (1): 4.9 MB
Progress (1): 4.9 MB
Progress (1): 4.9 MB
Progress (1): 4.9 MB
Progress (1): 4.9 MB
Progress (1): 4.9 MB
Progress (1): 4.9 MB
Progress (1): 4.9 MB
Progress (1): 4.9 MB
Progress (1): 4.9 MB
Progress (1): 4.9 MB
Progress (1): 4.9 MB
Progress (1): 5.0 MB
Progress (1): 5.0 MB
Progress (1): 5.0 MB
Progress (1): 5.0 MB
Progress (1): 5.0 MB
Progress (1): 5.0 MB
Progress (1): 5.0 MB
Progress (1): 5.0 MB
Progress (1): 5.0 MB
Progress (1): 5.0 MB
Progress (1): 5.0 MB
Progress (1): 5.0 MB
Progress (1): 5.0 MB
Progress (1): 5.0 MB
Progress (1): 5.0 MB
Progress (1): 5.0 MB
Progress (1): 5.0 MB
Progress (1): 5.0 MB
Progress (1): 5.0 MB
Progress (1): 5.0 MB
Progress (1): 5.0 MB
Progress (1): 5.0 MB
Progress (1): 5.0 MB
Progress (1): 5.0 MB
Progress (1): 5.1 MB
Progress (1): 5.1 MB
Progress (1): 5.1 MB
Progress (1): 5.1 MB
Progress (1): 5.1 MB
Progress (1): 5.1 MB
Progress (1): 5.1 MB
Progress (1): 5.1 MB
Progress (1): 5.1 MB
Progress (1): 5.1 MB
Progress (1): 5.1 MB
Progress (1): 5.1 MB
Progress (1): 5.1 MB
Progress (1): 5.1 MB
Progress (1): 5.1 MB
Progress (1): 5.1 MB
Progress (1): 5.1 MB
Progress (1): 5.1 MB
Progress (1): 5.1 MB
Progress (1): 5.1 MB
Progress (1): 5.1 MB
Progress (1): 5.1 MB
Progress (1): 5.1 MB
Progress (1): 5.1 MB
Progress (1): 5.2 MB
Progress (1): 5.2 MB
Progress (1): 5.2 MB
Progress (1): 5.2 MB
Progress (1): 5.2 MB
Progress (1): 5.2 MB
Progress (1): 5.2 MB
Progress (1): 5.2 MB
Progress (1): 5.2 MB
Progress (1): 5.2 MB
Progress (1): 5.2 MB
Progress (1): 5.2 MB
Progress (1): 5.2 MB
Progress (1): 5.2 MB
Progress (1): 5.2 MB
Progress (1): 5.2 MB
Progress (1): 5.2 MB
Progress (1): 5.2 MB
Progress (1): 5.2 MB
Progress (1): 5.2 MB
Progress (1): 5.2 MB
Progress (1): 5.2 MB
Progress (1): 5.2 MB
Progress (1): 5.2 MB
Progress (1): 5.2 MB
Progress (1): 5.3 MB
Progress (1): 5.3 MB
Progress (1): 5.3 MB
Progress (1): 5.3 MB
Progress (1): 5.3 MB
Progress (1): 5.3 MB
Progress (1): 5.3 MB
Progress (1): 5.3 MB
Progress (1): 5.3 MB
Progress (1): 5.3 MB
Progress (1): 5.3 MB
Progress (1): 5.3 MB
Progress (1): 5.3 MB
Progress (1): 5.3 MB
Progress (1): 5.3 MB
Progress (1): 5.3 MB
Progress (1): 5.3 MB
Progress (1): 5.3 MB
Progress (1): 5.3 MB
Progress (1): 5.3 MB
Progress (1): 5.3 MB
Progress (1): 5.3 MB
Progress (1): 5.3 MB
Progress (1): 5.3 MB
Progress (1): 5.4 MB
Progress (1): 5.4 MB
Progress (1): 5.4 MB
Progress (1): 5.4 MB
Progress (1): 5.4 MB
Progress (1): 5.4 MB
Progress (1): 5.4 MB
Progress (1): 5.4 MB
Progress (1): 5.4 MB
Progress (1): 5.4 MB
Progress (1): 5.4 MB
Progress (1): 5.4 MB
Progress (1): 5.4 MB
Progress (1): 5.4 MB
Progress (1): 5.4 MB
Progress (1): 5.4 MB
Progress (1): 5.4 MB
Progress (1): 5.4 MB
Progress (1): 5.4 MB
Progress (1): 5.4 MB
Progress (1): 5.4 MB
Progress (1): 5.4 MB
Progress (1): 5.4 MB
Progress (1): 5.4 MB
Progress (1): 5.4 MB
Progress (1): 5.5 MB
Progress (1): 5.5 MB
Progress (1): 5.5 MB
Progress (1): 5.5 MB
Progress (1): 5.5 MB
Progress (1): 5.5 MB
Progress (1): 5.5 MB
Progress (1): 5.5 MB
Progress (1): 5.5 MB
Progress (1): 5.5 MB
Progress (1): 5.5 MB
Progress (1): 5.5 MB
Progress (1): 5.5 MB
Progress (1): 5.5 MB
Progress (1): 5.5 MB
Progress (1): 5.5 MB
Progress (1): 5.5 MB
Progress (1): 5.5 MB
Progress (1): 5.5 MB
Progress (1): 5.5 MB
Progress (1): 5.5 MB
Progress (1): 5.5 MB
Progress (1): 5.5 MB
Progress (1): 5.5 MB
Progress (1): 5.5 MB
Progress (1): 5.6 MB
Progress (1): 5.6 MB
Progress (1): 5.6 MB
Progress (1): 5.6 MB
Progress (1): 5.6 MB
Progress (1): 5.6 MB
Progress (1): 5.6 MB
Progress (1): 5.6 MB
Progress (1): 5.6 MB
Progress (1): 5.6 MB
Progress (1): 5.6 MB
Progress (1): 5.6 MB
Progress (1): 5.6 MB
Progress (1): 5.6 MB
Progress (1): 5.6 MB
Progress (1): 5.6 MB
Progress (1): 5.6 MB
Progress (1): 5.6 MB
Progress (1): 5.6 MB
Progress (1): 5.6 MB
Progress (1): 5.6 MB
Progress (1): 5.6 MB
Progress (1): 5.6 MB
Progress (1): 5.6 MB
Progress (1): 5.7 MB
Progress (1): 5.7 MB
Progress (1): 5.7 MB
Progress (1): 5.7 MB
Progress (1): 5.7 MB
Progress (1): 5.7 MB
Progress (1): 5.7 MB
Progress (1): 5.7 MB
Progress (1): 5.7 MB
Progress (1): 5.7 MB
Progress (1): 5.7 MB
Progress (1): 5.7 MB
Progress (1): 5.7 MB
Progress (1): 5.7 MB
Progress (1): 5.7 MB
Progress (1): 5.7 MB
Progress (1): 5.7 MB
Progress (1): 5.7 MB
Progress (1): 5.7 MB
Progress (1): 5.7 MB
Progress (1): 5.7 MB
Progress (1): 5.7 MB
Progress (1): 5.7 MB
Progress (1): 5.7 MB
Progress (1): 5.8 MB
Progress (1): 5.8 MB
Progress (1): 5.8 MB
Progress (1): 5.8 MB
Progress (1): 5.8 MB
Progress (1): 5.8 MB
Progress (1): 5.8 MB
Progress (1): 5.8 MB
Progress (1): 5.8 MB
Progress (1): 5.8 MB
Progress (1): 5.8 MB
Progress (1): 5.8 MB
Progress (1): 5.8 MB
Progress (1): 5.8 MB
Progress (1): 5.8 MB
Progress (1): 5.8 MB
Progress (1): 5.8 MB
Progress (1): 5.8 MB
Progress (1): 5.8 MB
Progress (1): 5.8 MB
Progress (1): 5.8 MB
Progress (1): 5.8 MB
Progress (1): 5.8 MB
Progress (1): 5.8 MB
Progress (1): 5.8 MB
Progress (1): 5.9 MB
Progress (1): 5.9 MB
Progress (1): 5.9 MB
Progress (1): 5.9 MB
Progress (1): 5.9 MB
Progress (1): 5.9 MB
Progress (1): 5.9 MB
Progress (1): 5.9 MB
Progress (1): 5.9 MB
Progress (1): 5.9 MB
Progress (1): 5.9 MB
Progress (1): 5.9 MB
Progress (1): 5.9 MB
Progress (1): 5.9 MB
Progress (1): 5.9 MB
Progress (1): 5.9 MB
Progress (1): 5.9 MB
Progress (1): 5.9 MB
Progress (1): 5.9 MB
Progress (1): 5.9 MB
Progress (1): 5.9 MB
Progress (1): 5.9 MB
Progress (1): 5.9 MB
Progress (1): 5.9 MB
Progress (1): 5.9 MB
Progress (1): 6.0 MB
Progress (1): 6.0 MB
Progress (1): 6.0 MB
Progress (1): 6.0 MB
Progress (1): 6.0 MB
Progress (1): 6.0 MB
Progress (1): 6.0 MB
Progress (1): 6.0 MB
Progress (1): 6.0 MB
Progress (1): 6.0 MB
Progress (1): 6.0 MB
Progress (1): 6.0 MB
Progress (1): 6.0 MB
Progress (1): 6.0 MB
Progress (1): 6.0 MB
Progress (1): 6.0 MB
Progress (1): 6.0 MB
Progress (1): 6.0 MB
Progress (1): 6.0 MB
Progress (1): 6.0 MB
Progress (1): 6.0 MB
Progress (1): 6.0 MB
Progress (1): 6.0 MB
Progress (1): 6.0 MB
Progress (1): 6.0 MB
Progress (1): 6.1 MB
Progress (1): 6.1 MB
Progress (1): 6.1 MB
Progress (1): 6.1 MB
Progress (1): 6.1 MB
Progress (1): 6.1 MB
Progress (1): 6.1 MB
Progress (1): 6.1 MB
Progress (1): 6.1 MB
Progress (1): 6.1 MB
Progress (1): 6.1 MB
Progress (1): 6.1 MB
Progress (1): 6.1 MB
Progress (1): 6.1 MB
Progress (1): 6.1 MB
Progress (1): 6.1 MB
Progress (1): 6.1 MB
Progress (1): 6.1 MB
Progress (1): 6.1 MB
Progress (1): 6.1 MB
Progress (1): 6.1 MB
Progress (1): 6.1 MB
Progress (1): 6.1 MB
Progress (1): 6.1 MB
Progress (1): 6.2 MB
Progress (1): 6.2 MB
Progress (1): 6.2 MB
Progress (1): 6.2 MB
Progress (1): 6.2 MB
Progress (1): 6.2 MB
Progress (1): 6.2 MB
Progress (1): 6.2 MB
Progress (1): 6.2 MB
Progress (1): 6.2 MB
Progress (1): 6.2 MB
Progress (1): 6.2 MB
Progress (1): 6.2 MB
Progress (1): 6.2 MB
Progress (1): 6.2 MB
Progress (1): 6.2 MB
Progress (1): 6.2 MB
Progress (1): 6.2 MB
Progress (1): 6.2 MB
Progress (1): 6.2 MB
Progress (1): 6.2 MB
Progress (1): 6.2 MB
Progress (1): 6.2 MB
Progress (1): 6.2 MB
Progress (1): 6.2 MB
Progress (1): 6.3 MB
Progress (1): 6.3 MB
Progress (1): 6.3 MB
Progress (1): 6.3 MB
Progress (1): 6.3 MB
Progress (1): 6.3 MB
Progress (1): 6.3 MB
Progress (1): 6.3 MB
Progress (1): 6.3 MB
Progress (1): 6.3 MB
Progress (1): 6.3 MB
Progress (1): 6.3 MB
Progress (1): 6.3 MB
Progress (1): 6.3 MB
Progress (1): 6.3 MB
Progress (1): 6.3 MB
Progress (1): 6.3 MB
Progress (1): 6.3 MB
Progress (1): 6.3 MB
Progress (1): 6.3 MB
Progress (1): 6.3 MB
Progress (1): 6.3 MB
Progress (1): 6.3 MB
Progress (1): 6.3 MB
Progress (1): 6.3 MB
Progress (1): 6.4 MB
Progress (1): 6.4 MB
Progress (1): 6.4 MB
Progress (1): 6.4 MB
Progress (1): 6.4 MB
Progress (1): 6.4 MB
Progress (1): 6.4 MB
Progress (1): 6.4 MB
Progress (1): 6.4 MB
Progress (1): 6.4 MB
Progress (1): 6.4 MB
Progress (1): 6.4 MB
Progress (1): 6.4 MB
Progress (1): 6.4 MB
Progress (1): 6.4 MB
Progress (1): 6.4 MB
Progress (1): 6.4 MB
Progress (1): 6.4 MB
Progress (1): 6.4 MB
Progress (1): 6.4 MB
Progress (1): 6.4 MB
Progress (1): 6.4 MB
Progress (1): 6.4 MB
Progress (1): 6.4 MB
Progress (1): 6.5 MB
Progress (1): 6.5 MB
Progress (1): 6.5 MB
Progress (1): 6.5 MB
Progress (1): 6.5 MB
Progress (1): 6.5 MB
Progress (1): 6.5 MB
Progress (1): 6.5 MB
Progress (1): 6.5 MB
Progress (1): 6.5 MB
Progress (1): 6.5 MB
Progress (1): 6.5 MB
Progress (1): 6.5 MB
Progress (1): 6.5 MB
Progress (1): 6.5 MB
Progress (1): 6.5 MB
Progress (1): 6.5 MB
Progress (1): 6.5 MB
Progress (1): 6.5 MB
Progress (1): 6.5 MB
Progress (1): 6.5 MB
Progress (1): 6.5 MB
Progress (1): 6.5 MB
Progress (1): 6.5 MB
Progress (1): 6.5 MB
Progress (1): 6.6 MB
Progress (1): 6.6 MB
Progress (1): 6.6 MB
Progress (1): 6.6 MB
Progress (1): 6.6 MB
Progress (1): 6.6 MB
Progress (1): 6.6 MB
Progress (1): 6.6 MB
Progress (1): 6.6 MB
Progress (1): 6.6 MB
Progress (1): 6.6 MB
Progress (1): 6.6 MB
Progress (1): 6.6 MB
Progress (1): 6.6 MB
Progress (1): 6.6 MB
Progress (1): 6.6 MB
Progress (1): 6.6 MB
Progress (1): 6.6 MB
Progress (1): 6.6 MB
Progress (1): 6.6 MB
Progress (1): 6.6 MB
Progress (1): 6.6 MB
Progress (1): 6.6 MB
Progress (1): 6.6 MB
Progress (1): 6.7 MB
Progress (1): 6.7 MB
Progress (1): 6.7 MB
Progress (1): 6.7 MB
Progress (1): 6.7 MB
Progress (1): 6.7 MB
Progress (1): 6.7 MB
Progress (1): 6.7 MB
Progress (1): 6.7 MB
Progress (1): 6.7 MB
Progress (1): 6.7 MB
Progress (1): 6.7 MB
Progress (1): 6.7 MB
Progress (1): 6.7 MB
Progress (1): 6.7 MB
Progress (1): 6.7 MB
Progress (1): 6.7 MB
Progress (1): 6.7 MB
Progress (1): 6.7 MB
Progress (1): 6.7 MB
Progress (1): 6.7 MB
Progress (1): 6.7 MB
Progress (1): 6.7 MB
Progress (1): 6.7 MB
Progress (1): 6.7 MB
Progress (1): 6.8 MB
Progress (1): 6.8 MB
Progress (1): 6.8 MB
Progress (1): 6.8 MB
Progress (1): 6.8 MB
Progress (1): 6.8 MB
Progress (1): 6.8 MB
Progress (1): 6.8 MB
Progress (1): 6.8 MB
Progress (1): 6.8 MB
Progress (1): 6.8 MB
Progress (1): 6.8 MB
Progress (1): 6.8 MB
Progress (1): 6.8 MB
Progress (1): 6.8 MB
Progress (1): 6.8 MB
Progress (1): 6.8 MB
Progress (1): 6.8 MB
Progress (1): 6.8 MB
Progress (1): 6.8 MB
Progress (1): 6.8 MB
Progress (1): 6.8 MB
Progress (1): 6.8 MB
Progress (1): 6.8 MB
Progress (1): 6.9 MB
Progress (1): 6.9 MB
Progress (1): 6.9 MB
Progress (1): 6.9 MB
Progress (1): 6.9 MB
Progress (1): 6.9 MB
Progress (1): 6.9 MB
Progress (1): 6.9 MB
Progress (1): 6.9 MB
Progress (1): 6.9 MB
Progress (1): 6.9 MB
Progress (1): 6.9 MB
Progress (1): 6.9 MB
Progress (1): 6.9 MB
Progress (1): 6.9 MB
Progress (1): 6.9 MB
Progress (1): 6.9 MB
Progress (1): 6.9 MB
Progress (1): 6.9 MB
Progress (1): 6.9 MB
Progress (1): 6.9 MB
Progress (1): 6.9 MB
Progress (1): 6.9 MB
Progress (1): 6.9 MB
Progress (1): 7.0 MB
Progress (1): 7.0 MB
Progress (1): 7.0 MB
Progress (1): 7.0 MB
Progress (1): 7.0 MB
Progress (1): 7.0 MB
Progress (1): 7.0 MB
Progress (1): 7.0 MB
Progress (1): 7.0 MB
Progress (1): 7.0 MB
Progress (1): 7.0 MB
Progress (1): 7.0 MB
Progress (1): 7.0 MB
Progress (1): 7.0 MB
Progress (1): 7.0 MB
Progress (1): 7.0 MB
Progress (1): 7.0 MB
Progress (1): 7.0 MB
Progress (1): 7.0 MB
Progress (1): 7.0 MB
Progress (1): 7.0 MB
Progress (1): 7.0 MB
Progress (1): 7.0 MB
Progress (1): 7.0 MB
Progress (1): 7.0 MB
Progress (1): 7.1 MB
Progress (1): 7.1 MB
Progress (1): 7.1 MB
Progress (1): 7.1 MB
Progress (1): 7.1 MB
Progress (1): 7.1 MB
Progress (1): 7.1 MB
Progress (1): 7.1 MB
Progress (1): 7.1 MB
Progress (1): 7.1 MB
Progress (1): 7.1 MB
Progress (1): 7.1 MB
Progress (1): 7.1 MB
Progress (1): 7.1 MB
Progress (1): 7.1 MB
Progress (1): 7.1 MB
Progress (1): 7.1 MB
Progress (1): 7.1 MB
Progress (1): 7.1 MB
Progress (1): 7.1 MB
Progress (1): 7.1 MB
Progress (1): 7.1 MB
Progress (1): 7.1 MB
Progress (1): 7.1 MB
Progress (1): 7.2 MB
Progress (1): 7.2 MB
Progress (1): 7.2 MB
Progress (1): 7.2 MB
Progress (1): 7.2 MB
Progress (1): 7.2 MB
Progress (1): 7.2 MB
Progress (1): 7.2 MB
Progress (1): 7.2 MB
Progress (1): 7.2 MB
Progress (1): 7.2 MB
Progress (1): 7.2 MB
Progress (1): 7.2 MB
Progress (1): 7.2 MB
Progress (1): 7.2 MB
Progress (1): 7.2 MB
Progress (1): 7.2 MB
Progress (1): 7.2 MB
Progress (1): 7.2 MB
Progress (1): 7.2 MB
Progress (1): 7.2 MB
Progress (1): 7.2 MB
Progress (1): 7.2 MB
Progress (1): 7.2 MB
Progress (1): 7.2 MB
Progress (1): 7.3 MB
Progress (1): 7.3 MB
Progress (1): 7.3 MB
Progress (1): 7.3 MB
Progress (1): 7.3 MB
Progress (1): 7.3 MB
Progress (1): 7.3 MB
Progress (1): 7.3 MB
Progress (1): 7.3 MB
Progress (1): 7.3 MB
Progress (1): 7.3 MB
Progress (1): 7.3 MB
Progress (1): 7.3 MB
Progress (1): 7.3 MB
Progress (1): 7.3 MB
Progress (1): 7.3 MB
Progress (1): 7.3 MB
Progress (1): 7.3 MB
Progress (1): 7.3 MB
Progress (1): 7.3 MB
Progress (1): 7.3 MB
Progress (1): 7.3 MB
Progress (1): 7.3 MB
Progress (1): 7.3 MB
Progress (1): 7.4 MB
Progress (1): 7.4 MB
Progress (1): 7.4 MB
Progress (1): 7.4 MB
Progress (1): 7.4 MB
Progress (1): 7.4 MB
Progress (1): 7.4 MB
Progress (1): 7.4 MB
Progress (1): 7.4 MB
Progress (1): 7.4 MB
Progress (1): 7.4 MB
Progress (1): 7.4 MB
Progress (1): 7.4 MB
Progress (1): 7.4 MB
Progress (1): 7.4 MB
Progress (1): 7.4 MB
Progress (1): 7.4 MB
Progress (1): 7.4 MB
Progress (1): 7.4 MB
Progress (1): 7.4 MB
Progress (1): 7.4 MB
Progress (1): 7.4 MB
Progress (1): 7.4 MB
Progress (1): 7.4 MB
Progress (1): 7.5 MB
Progress (1): 7.5 MB
Progress (1): 7.5 MB
Progress (1): 7.5 MB
Progress (1): 7.5 MB
Progress (1): 7.5 MB
Progress (1): 7.5 MB
Progress (1): 7.5 MB
Progress (1): 7.5 MB
Progress (1): 7.5 MB
Progress (1): 7.5 MB
Progress (1): 7.5 MB
Progress (1): 7.5 MB
Progress (1): 7.5 MB
Progress (1): 7.5 MB
Progress (1): 7.5 MB
Progress (1): 7.5 MB
Progress (1): 7.5 MB
Progress (1): 7.5 MB
Progress (1): 7.5 MB
Progress (1): 7.5 MB
Progress (1): 7.5 MB
Progress (1): 7.5 MB
Progress (1): 7.5 MB
Progress (1): 7.5 MB
Progress (1): 7.6 MB
Progress (1): 7.6 MB
Progress (1): 7.6 MB
Progress (1): 7.6 MB
Progress (1): 7.6 MB
Progress (1): 7.6 MB
Progress (1): 7.6 MB
Progress (1): 7.6 MB
Progress (1): 7.6 MB
Progress (1): 7.6 MB
Progress (1): 7.6 MB
Progress (1): 7.6 MB
Progress (1): 7.6 MB
Progress (1): 7.6 MB
Progress (1): 7.6 MB
Progress (1): 7.6 MB
Progress (1): 7.6 MB
Progress (1): 7.6 MB
Progress (1): 7.6 MB
Progress (1): 7.6 MB
Progress (1): 7.6 MB
Progress (1): 7.6 MB
Progress (1): 7.6 MB
Progress (1): 7.6 MB
Progress (1): 7.7 MB
Progress (1): 7.7 MB
Progress (1): 7.7 MB
Progress (1): 7.7 MB
Progress (1): 7.7 MB
Progress (1): 7.7 MB
Progress (1): 7.7 MB
Progress (1): 7.7 MB
Progress (1): 7.7 MB
Progress (1): 7.7 MB
Progress (1): 7.7 MB
Progress (1): 7.7 MB
Progress (1): 7.7 MB
Progress (1): 7.7 MB
Progress (1): 7.7 MB
Progress (1): 7.7 MB
Progress (1): 7.7 MB
Progress (1): 7.7 MB
Progress (1): 7.7 MB
Progress (1): 7.7 MB
Progress (1): 7.7 MB
Progress (1): 7.7 MB
Progress (1): 7.7 MB
Progress (1): 7.7 MB
Progress (1): 7.7 MB
Progress (1): 7.8 MB
Progress (1): 7.8 MB
Progress (1): 7.8 MB
Progress (1): 7.8 MB
Progress (1): 7.8 MB
Progress (1): 7.8 MB
Progress (1): 7.8 MB
Progress (1): 7.8 MB
Progress (1): 7.8 MB
Progress (1): 7.8 MB
Progress (1): 7.8 MB
Progress (1): 7.8 MB
Progress (1): 7.8 MB
Progress (1): 7.8 MB
Progress (1): 7.8 MB
Progress (1): 7.8 MB
Progress (1): 7.8 MB
Progress (1): 7.8 MB
Progress (1): 7.8 MB
Progress (1): 7.8 MB
Progress (1): 7.8 MB
Progress (1): 7.8 MB
Progress (1): 7.8 MB
Progress (1): 7.8 MB
Progress (1): 7.9 MB
Progress (1): 7.9 MB
Progress (1): 7.9 MB
Progress (1): 7.9 MB
Progress (1): 7.9 MB
Progress (1): 7.9 MB
Progress (1): 7.9 MB
Progress (1): 7.9 MB
Progress (1): 7.9 MB
Progress (1): 7.9 MB
Progress (1): 7.9 MB
Progress (1): 7.9 MB
Progress (1): 7.9 MB
Progress (1): 7.9 MB
Progress (1): 7.9 MB
Progress (1): 7.9 MB
Progress (1): 7.9 MB
Progress (1): 7.9 MB
Progress (1): 7.9 MB
Progress (1): 7.9 MB
Progress (1): 7.9 MB
Progress (1): 7.9 MB
Progress (1): 7.9 MB
Progress (1): 7.9 MB
Progress (1): 7.9 MB
Progress (1): 8.0 MB
Progress (1): 8.0 MB
Progress (1): 8.0 MB
Progress (1): 8.0 MB
Progress (1): 8.0 MB
Progress (1): 8.0 MB
Progress (1): 8.0 MB
Progress (1): 8.0 MB
Progress (1): 8.0 MB
Progress (1): 8.0 MB
Progress (1): 8.0 MB
Progress (1): 8.0 MB
Progress (1): 8.0 MB
Progress (1): 8.0 MB
Progress (1): 8.0 MB
Progress (1): 8.0 MB
Progress (1): 8.0 MB
Progress (1): 8.0 MB
Progress (1): 8.0 MB
Progress (1): 8.0 MB
Progress (1): 8.0 MB
Progress (1): 8.0 MB
Progress (1): 8.0 MB
Progress (1): 8.0 MB
Progress (1): 8.1 MB
Progress (1): 8.1 MB
Progress (1): 8.1 MB
Progress (1): 8.1 MB
Progress (1): 8.1 MB
Progress (1): 8.1 MB
Progress (1): 8.1 MB
Progress (1): 8.1 MB
Progress (1): 8.1 MB
Progress (1): 8.1 MB
Progress (1): 8.1 MB
Progress (1): 8.1 MB
Progress (1): 8.1 MB
Progress (1): 8.1 MB
Progress (1): 8.1 MB
Progress (1): 8.1 MB
Progress (1): 8.1 MB
Progress (1): 8.1 MB
Progress (1): 8.1 MB
Progress (1): 8.1 MB
Progress (1): 8.1 MB
Progress (1): 8.1 MB
Progress (1): 8.1 MB
Progress (1): 8.1 MB
Progress (1): 8.2 MB
Progress (1): 8.2 MB
Progress (1): 8.2 MB
Progress (1): 8.2 MB
Progress (1): 8.2 MB
Progress (1): 8.2 MB
Progress (1): 8.2 MB
Progress (1): 8.2 MB
Progress (1): 8.2 MB
Progress (1): 8.2 MB
Progress (1): 8.2 MB
Progress (1): 8.2 MB
Progress (1): 8.2 MB
Progress (1): 8.2 MB
Progress (1): 8.2 MB
Progress (1): 8.2 MB
Progress (1): 8.2 MB
Progress (1): 8.2 MB
Progress (1): 8.2 MB
Progress (1): 8.2 MB
Progress (1): 8.2 MB
Progress (1): 8.2 MB
Progress (1): 8.2 MB
Progress (1): 8.2 MB
Progress (1): 8.2 MB
Progress (1): 8.3 MB
Progress (1): 8.3 MB
Progress (1): 8.3 MB
Progress (1): 8.3 MB
Progress (1): 8.3 MB
Progress (1): 8.3 MB
Progress (1): 8.3 MB
Progress (1): 8.3 MB
Progress (1): 8.3 MB
Progress (1): 8.3 MB
Progress (1): 8.3 MB
Progress (1): 8.3 MB
Progress (1): 8.3 MB
Progress (1): 8.3 MB
Progress (1): 8.3 MB
Progress (1): 8.3 MB
Progress (1): 8.3 MB
Progress (1): 8.3 MB
Progress (1): 8.3 MB
Progress (1): 8.3 MB
Progress (1): 8.3 MB
Progress (1): 8.3 MB
Progress (1): 8.3 MB
Progress (1): 8.3 MB
Progress (1): 8.4 MB
Progress (1): 8.4 MB
Progress (1): 8.4 MB
Progress (1): 8.4 MB
Progress (1): 8.4 MB
Progress (1): 8.4 MB
Progress (1): 8.4 MB
Progress (1): 8.4 MB
Progress (1): 8.4 MB
Progress (1): 8.4 MB
Progress (1): 8.4 MB
Progress (1): 8.4 MB
Progress (1): 8.4 MB
Progress (1): 8.4 MB
Progress (1): 8.4 MB
Progress (1): 8.4 MB
Progress (1): 8.4 MB
Progress (1): 8.4 MB
Progress (1): 8.4 MB
Progress (1): 8.4 MB
Progress (1): 8.4 MB
Progress (1): 8.4 MB
Progress (1): 8.4 MB
Progress (1): 8.4 MB
Progress (1): 8.4 MB
Progress (1): 8.5 MB
Progress (1): 8.5 MB
Progress (1): 8.5 MB
Progress (1): 8.5 MB
Progress (1): 8.5 MB
Progress (1): 8.5 MB
Progress (1): 8.5 MB
Progress (1): 8.5 MB
Progress (1): 8.5 MB
Progress (1): 8.5 MB
Progress (1): 8.5 MB
Progress (1): 8.5 MB
Progress (1): 8.5 MB
Progress (1): 8.5 MB
Progress (1): 8.5 MB
Progress (1): 8.5 MB
Progress (1): 8.5 MB
Progress (1): 8.5 MB
Progress (1): 8.5 MB
Progress (1): 8.5 MB
Progress (1): 8.5 MB
Progress (1): 8.5 MB
Progress (1): 8.5 MB
Progress (1): 8.5 MB
Progress (1): 8.6 MB
Progress (1): 8.6 MB
Progress (1): 8.6 MB
Progress (1): 8.6 MB
Progress (1): 8.6 MB
Progress (1): 8.6 MB
Progress (1): 8.6 MB
Progress (1): 8.6 MB
Progress (1): 8.6 MB
Progress (1): 8.6 MB
Progress (1): 8.6 MB
Progress (1): 8.6 MB
Progress (1): 8.6 MB
Progress (1): 8.6 MB
Progress (1): 8.6 MB
Progress (1): 8.6 MB
Progress (1): 8.6 MB
Progress (1): 8.6 MB
Progress (1): 8.6 MB
Progress (1): 8.6 MB
Progress (1): 8.6 MB
Progress (1): 8.6 MB
Progress (1): 8.6 MB
Progress (1): 8.6 MB
Progress (1): 8.7 MB
Progress (1): 8.7 MB
Progress (1): 8.7 MB
Progress (1): 8.7 MB
Progress (1): 8.7 MB
Progress (1): 8.7 MB
Progress (1): 8.7 MB
Progress (1): 8.7 MB
Progress (1): 8.7 MB
Progress (1): 8.7 MB
Progress (1): 8.7 MB
Progress (1): 8.7 MB
Progress (1): 8.7 MB
Progress (1): 8.7 MB
Progress (1): 8.7 MB
Progress (1): 8.7 MB
Progress (1): 8.7 MB
Progress (1): 8.7 MB
Progress (1): 8.7 MB
Progress (1): 8.7 MB
Progress (1): 8.7 MB
Progress (1): 8.7 MB
Progress (1): 8.7 MB
Progress (1): 8.7 MB
Progress (1): 8.7 MB
Progress (1): 8.8 MB
Progress (1): 8.8 MB
Progress (1): 8.8 MB
Progress (1): 8.8 MB
Progress (1): 8.8 MB
Progress (1): 8.8 MB
Progress (1): 8.8 MB
Progress (1): 8.8 MB
Progress (1): 8.8 MB
Progress (1): 8.8 MB
Progress (1): 8.8 MB
Progress (1): 8.8 MB
Progress (1): 8.8 MB
Progress (1): 8.8 MB
Progress (1): 8.8 MB
Progress (1): 8.8 MB
Progress (1): 8.8 MB
Progress (1): 8.8 MB
Progress (1): 8.8 MB
Progress (1): 8.8 MB
Progress (1): 8.8 MB
Progress (1): 8.8 MB
Progress (1): 8.8 MB
Progress (1): 8.8 MB
Progress (1): 8.9 MB
Progress (1): 8.9 MB
Progress (1): 8.9 MB
Progress (1): 8.9 MB
Progress (1): 8.9 MB
Progress (1): 8.9 MB
Progress (1): 8.9 MB
Progress (1): 8.9 MB
Progress (1): 8.9 MB
Progress (1): 8.9 MB
Progress (1): 8.9 MB
Progress (1): 8.9 MB
Progress (1): 8.9 MB
Progress (1): 8.9 MB
Progress (1): 8.9 MB
Progress (1): 8.9 MB
Progress (1): 8.9 MB
Progress (1): 8.9 MB
Progress (1): 8.9 MB
Progress (1): 8.9 MB
Progress (1): 8.9 MB
Progress (1): 8.9 MB
Progress (1): 8.9 MB
Progress (1): 8.9 MB
Progress (1): 8.9 MB
Progress (1): 9.0 MB
Progress (1): 9.0 MB
Progress (1): 9.0 MB
Progress (1): 9.0 MB
Progress (1): 9.0 MB
Progress (1): 9.0 MB
Progress (1): 9.0 MB
Progress (1): 9.0 MB
Progress (1): 9.0 MB
Progress (1): 9.0 MB
Progress (1): 9.0 MB
Progress (1): 9.0 MB
Progress (1): 9.0 MB
Progress (1): 9.0 MB
Progress (1): 9.0 MB
Progress (1): 9.0 MB
Progress (1): 9.0 MB
Progress (1): 9.0 MB
Progress (1): 9.0 MB
Progress (1): 9.0 MB
Progress (1): 9.0 MB
Progress (1): 9.0 MB
Progress (1): 9.0 MB
Progress (1): 9.0 MB
Progress (1): 9.1 MB
Progress (1): 9.1 MB
Progress (1): 9.1 MB
Progress (1): 9.1 MB
Progress (1): 9.1 MB
Progress (1): 9.1 MB
Progress (1): 9.1 MB
Progress (1): 9.1 MB
Progress (1): 9.1 MB
Progress (1): 9.1 MB
Progress (1): 9.1 MB
Progress (1): 9.1 MB
Progress (1): 9.1 MB
Progress (1): 9.1 MB
Progress (1): 9.1 MB
Progress (1): 9.1 MB
Progress (1): 9.1 MB
Progress (1): 9.1 MB
Progress (1): 9.1 MB
Progress (1): 9.1 MB
Progress (1): 9.1 MB
Progress (1): 9.1 MB
Progress (1): 9.1 MB
Progress (1): 9.1 MB
Progress (1): 9.2 MB
Progress (1): 9.2 MB
Progress (1): 9.2 MB
Progress (1): 9.2 MB
Progress (1): 9.2 MB
Progress (1): 9.2 MB
Progress (1): 9.2 MB
Progress (1): 9.2 MB
Progress (1): 9.2 MB
Progress (1): 9.2 MB
Progress (1): 9.2 MB
Progress (1): 9.2 MB
Progress (1): 9.2 MB
Progress (1): 9.2 MB
Progress (1): 9.2 MB
Progress (1): 9.2 MB
Progress (1): 9.2 MB
Progress (1): 9.2 MB
Progress (1): 9.2 MB
Progress (1): 9.2 MB
Progress (1): 9.2 MB
Progress (1): 9.2 MB
Progress (1): 9.2 MB
Progress (1): 9.2 MB
Progress (1): 9.2 MB
Progress (1): 9.3 MB
Progress (1): 9.3 MB
Progress (1): 9.3 MB
Progress (1): 9.3 MB
Progress (1): 9.3 MB
Progress (1): 9.3 MB
Progress (1): 9.3 MB
Progress (1): 9.3 MB
Progress (1): 9.3 MB
Progress (1): 9.3 MB
Progress (1): 9.3 MB
Progress (1): 9.3 MB
Progress (1): 9.3 MB
Progress (1): 9.3 MB
Progress (1): 9.3 MB
Progress (1): 9.3 MB
Progress (1): 9.3 MB
Progress (1): 9.3 MB
Progress (1): 9.3 MB
Progress (1): 9.3 MB
Progress (1): 9.3 MB
Progress (1): 9.3 MB
Progress (1): 9.3 MB
Progress (1): 9.3 MB
Progress (1): 9.4 MB
Progress (1): 9.4 MB
Progress (1): 9.4 MB
Progress (1): 9.4 MB
Progress (1): 9.4 MB
Progress (1): 9.4 MB
Progress (1): 9.4 MB
Progress (1): 9.4 MB
Progress (1): 9.4 MB
Progress (1): 9.4 MB
Progress (1): 9.4 MB
Progress (1): 9.4 MB
Progress (1): 9.4 MB
Progress (1): 9.4 MB
Progress (1): 9.4 MB
Progress (1): 9.4 MB
Progress (1): 9.4 MB
Progress (1): 9.4 MB
Progress (1): 9.4 MB
Progress (1): 9.4 MB
Progress (1): 9.4 MB
Progress (1): 9.4 MB
Progress (1): 9.4 MB
Progress (1): 9.4 MB
Progress (1): 9.4 MB
Progress (1): 9.5 MB
Progress (1): 9.5 MB
Progress (1): 9.5 MB
Progress (1): 9.5 MB
Progress (1): 9.5 MB
Progress (1): 9.5 MB
Progress (1): 9.5 MB
Progress (1): 9.5 MB
Progress (1): 9.5 MB
Progress (1): 9.5 MB
Progress (1): 9.5 MB
Progress (1): 9.5 MB
Progress (1): 9.5 MB
Progress (1): 9.5 MB
Progress (1): 9.5 MB
Progress (1): 9.5 MB
Progress (1): 9.5 MB
Progress (1): 9.5 MB
Progress (1): 9.5 MB
Progress (1): 9.5 MB
Progress (1): 9.5 MB
Progress (1): 9.5 MB
Progress (1): 9.5 MB
Progress (1): 9.5 MB
Progress (1): 9.6 MB
Progress (1): 9.6 MB
Progress (1): 9.6 MB
Progress (1): 9.6 MB
Progress (1): 9.6 MB
Progress (1): 9.6 MB
Progress (1): 9.6 MB
Progress (1): 9.6 MB
Progress (1): 9.6 MB
Progress (1): 9.6 MB
Progress (1): 9.6 MB
Progress (1): 9.6 MB
Progress (1): 9.6 MB
Progress (1): 9.6 MB
Progress (1): 9.6 MB
Progress (1): 9.6 MB
Progress (1): 9.6 MB
Progress (1): 9.6 MB
Progress (1): 9.6 MB
Progress (1): 9.6 MB
Progress (1): 9.6 MB
Progress (1): 9.6 MB
Progress (1): 9.6 MB
Progress (1): 9.6 MB
Progress (1): 9.6 MB
Progress (1): 9.7 MB
Progress (1): 9.7 MB
Progress (1): 9.7 MB
Progress (1): 9.7 MB
Progress (1): 9.7 MB
Progress (1): 9.7 MB
Progress (1): 9.7 MB
Progress (1): 9.7 MB
Progress (1): 9.7 MB
Progress (1): 9.7 MB
Progress (1): 9.7 MB
Progress (1): 9.7 MB
Progress (1): 9.7 MB
Progress (1): 9.7 MB
Progress (1): 9.7 MB
Progress (1): 9.7 MB
Progress (1): 9.7 MB
Progress (1): 9.7 MB
Progress (1): 9.7 MB
Progress (1): 9.7 MB
Progress (1): 9.7 MB
Progress (1): 9.7 MB
Progress (1): 9.7 MB
Progress (1): 9.7 MB
Progress (1): 9.8 MB
Progress (1): 9.8 MB
Progress (1): 9.8 MB
Progress (1): 9.8 MB
Progress (1): 9.8 MB
Progress (1): 9.8 MB
Progress (1): 9.8 MB
Progress (1): 9.8 MB
Progress (1): 9.8 MB
Progress (1): 9.8 MB
Progress (1): 9.8 MB
Progress (1): 9.8 MB
Progress (1): 9.8 MB
Progress (1): 9.8 MB
Progress (1): 9.8 MB
Progress (1): 9.8 MB
Progress (1): 9.8 MB
Progress (1): 9.8 MB
Progress (1): 9.8 MB
Progress (1): 9.8 MB
Progress (1): 9.8 MB
Progress (1): 9.8 MB
Progress (1): 9.8 MB
Progress (1): 9.8 MB
Progress (1): 9.9 MB
Progress (1): 9.9 MB
Progress (1): 9.9 MB
Progress (1): 9.9 MB
Progress (1): 9.9 MB
Progress (1): 9.9 MB
Progress (1): 9.9 MB
Progress (1): 9.9 MB
Progress (1): 9.9 MB
Progress (1): 9.9 MB
Progress (1): 9.9 MB
Progress (1): 9.9 MB
Progress (1): 9.9 MB
Progress (1): 9.9 MB
Progress (1): 9.9 MB
Progress (1): 9.9 MB
Progress (1): 9.9 MB
Progress (1): 9.9 MB
Progress (1): 9.9 MB
                    
Downloaded from aiban-tianyin-core: https://aiban-maven.pkg.coding.net/repository/tianyin/core/com/aliyun/openservices/ons-client/1.8.8.5.Final/ons-client-1.8.8.5.Final.jar (9.9 MB at 4.2 MB/s)
[[1;34mINFO[m] 
[[1;34mINFO[m] [1m--- [0;32mmaven-clean-plugin:3.2.0:clean[m [1m(default-clean)[m @ [36maliyun-ons-spring-boot-starter[0;1m ---[m
[[1;34mINFO[m] Deleting /Users/wandl/workspaces/workspace-ddd4j/workspace-ddd4j-boot-starters/aliyun-ons-spring-boot-starter/target
[[1;34mINFO[m] 
[[1;34mINFO[m] [1m--- [0;32mmaven-enforcer-plugin:3.0.0:enforce[m [1m(default-cli)[m @ [36maliyun-ons-spring-boot-starter[0;1m ---[m
[[1;34mINFO[m] 
[[1;34mINFO[m] [1m--- [0;32mmaven-resources-plugin:3.1.0:resources[m [1m(default-resources)[m @ [36maliyun-ons-spring-boot-starter[0;1m ---[m
[[1;34mINFO[m] Using 'UTF-8' encoding to copy filtered resources.
[[1;34mINFO[m] Copying 0 resource
[[1;34mINFO[m] Copying 2 resources
[[1;34mINFO[m] 
[[1;34mINFO[m] [1m--- [0;32mmaven-compiler-plugin:3.10.1:compile[m [1m(default-compile)[m @ [36maliyun-ons-spring-boot-starter[0;1m ---[m
[[1;34mINFO[m] Changes detected - recompiling the module!
[[1;34mINFO[m] Compiling 11 source files to /Users/wandl/workspaces/workspace-ddd4j/workspace-ddd4j-boot-starters/aliyun-ons-spring-boot-starter/target/classes
[[1;34mINFO[m] [1m------------------------------------------------------------------------[m
[[1;34mINFO[m] [1;31mBUILD FAILURE[m
[[1;34mINFO[m] [1m------------------------------------------------------------------------[m
[[1;34mINFO[m] Total time:  4.559 s
[[1;34mINFO[m] Finished at: 2026-03-16T13:38:13+08:00
[[1;34mINFO[m] [1m------------------------------------------------------------------------[m
[[1;31mERROR[m] Failed to execute goal [32morg.apache.maven.plugins:maven-compiler-plugin:3.10.1:compile[m [1m(default-compile)[m on project [36maliyun-ons-spring-boot-starter[m: [1;31mFatal error compiling[m: java.lang.NoSuchFieldError: Class com.sun.tools.javac.tree.JCTree$JCImport does not have member field 'com.sun.tools.javac.tree.JCTree qualid' -> [1m[Help 1][m
[[1;31mERROR[m] 
[[1;31mERROR[m] To see the full stack trace of the errors, re-run Maven with the [1m-e[m switch.
[[1;31mERROR[m] Re-run Maven using the [1m-X[m switch to enable full debug logging.
[[1;31mERROR[m] 
[[1;31mERROR[m] For more information about the errors and possible solutions, please read the following articles:
[[1;31mERROR[m] [1m[Help 1][m http://cwiki.apache.org/confluence/display/MAVEN/MojoExecutionException
[aliyun-ons-spring-boot-starter/2.7.x] 失败 - 查看日志
[[1;34mINFO[m] Scanning for projects...
[[1;34mINFO[m] 
[[1;34mINFO[m] [1m----------< [0;36mio.github.hiwepy:aliyun-ons-spring-boot-starter[0;1m >----------[m
[[1;34mINFO[m] [1mBuilding io.github.hiwepy:aliyun-ons-spring-boot-starter 3.0.x.20251227-SNAPSHOT[m
[[1;34mINFO[m] [1m--------------------------------[ jar ]---------------------------------[m
Downloading from aiban-tianyin-core: https://aiban-maven.pkg.coding.net/repository/tianyin/core/com/aliyun/openservices/ons-client/2.0.7.Final/ons-client-2.0.7.Final.pom
Downloaded from aiban-tianyin-core: https://aiban-maven.pkg.coding.net/repository/tianyin/core/com/aliyun/openservices/ons-client/2.0.7.Final/ons-client-2.0.7.Final.pom (0 B at 0 B/s)
Downloading from aiban-tianyin-core: https://aiban-maven.pkg.coding.net/repository/tianyin/core/com/aliyun/openservices/ons-client-all/2.0.7.Final/ons-client-all-2.0.7.Final.pom
Downloaded from aiban-tianyin-core: https://aiban-maven.pkg.coding.net/repository/tianyin/core/com/aliyun/openservices/ons-client-all/2.0.7.Final/ons-client-all-2.0.7.Final.pom (0 B at 0 B/s)
[[1;34mINFO[m] 
[[1;34mINFO[m] [1m--- [0;32mmaven-clean-plugin:3.4.0:clean[m [1m(default-clean)[m @ [36maliyun-ons-spring-boot-starter[0;1m ---[m
[[1;34mINFO[m] Deleting /Users/wandl/workspaces/workspace-ddd4j/workspace-ddd4j-boot-starters/aliyun-ons-spring-boot-starter/target
[[1;34mINFO[m] 
[[1;34mINFO[m] [1m--- [0;32mmaven-enforcer-plugin:3.5.0:enforce[m [1m(default-cli)[m @ [36maliyun-ons-spring-boot-starter[0;1m ---[m
[[1;34mINFO[m] Rule 1: org.apache.maven.enforcer.rules.version.RequireJavaVersion passed
[[1;34mINFO[m] [1m------------------------------------------------------------------------[m
[[1;34mINFO[m] [1;31mBUILD FAILURE[m
[[1;34mINFO[m] [1m------------------------------------------------------------------------[m
[[1;34mINFO[m] Total time:  1.217 s
[[1;34mINFO[m] Finished at: 2026-03-16T13:38:14+08:00
[[1;34mINFO[m] [1m------------------------------------------------------------------------[m
[[1;31mERROR[m] Failed to execute goal [32morg.apache.maven.plugins:maven-enforcer-plugin:3.5.0:enforce[m [1m(default-cli)[m on project [36maliyun-ons-spring-boot-starter[m: [1;31m[m
[[1;31mERROR[m] [1;31mRule 0: org.apache.maven.enforcer.rules.version.RequireMavenVersion failed with message:[m
[[1;31mERROR[m] [1;31mYou are running an older version of Maven. This application requires at least Maven 3.9.9.[m
[[1;31mERROR[m] -> [1m[Help 1][m
[[1;31mERROR[m] 
[[1;31mERROR[m] To see the full stack trace of the errors, re-run Maven with the [1m-e[m switch.
[[1;31mERROR[m] Re-run Maven using the [1m-X[m switch to enable full debug logging.
[[1;31mERROR[m] 
[[1;31mERROR[m] For more information about the errors and possible solutions, please read the following articles:
[[1;31mERROR[m] [1m[Help 1][m http://cwiki.apache.org/confluence/display/MAVEN/MojoExecutionException
[aliyun-ons-spring-boot-starter/3.0.x] 失败 - 查看日志
[[1;34mINFO[m] Scanning for projects...
[[1;34mINFO[m] 
[[1;34mINFO[m] [1m----------< [0;36mio.github.hiwepy:aliyun-ons-spring-boot-starter[0;1m >----------[m
[[1;34mINFO[m] [1mBuilding io.github.hiwepy:aliyun-ons-spring-boot-starter 3.1.x.20251227-SNAPSHOT[m
[[1;34mINFO[m] [1m--------------------------------[ jar ]---------------------------------[m
[[1;34mINFO[m] 
[[1;34mINFO[m] [1m--- [0;32mmaven-clean-plugin:3.4.0:clean[m [1m(default-clean)[m @ [36maliyun-ons-spring-boot-starter[0;1m ---[m
[[1;34mINFO[m] 
[[1;34mINFO[m] [1m--- [0;32mmaven-enforcer-plugin:3.5.0:enforce[m [1m(default-cli)[m @ [36maliyun-ons-spring-boot-starter[0;1m ---[m
[[1;34mINFO[m] Rule 1: org.apache.maven.enforcer.rules.version.RequireJavaVersion passed
[[1;34mINFO[m] [1m------------------------------------------------------------------------[m
[[1;34mINFO[m] [1;31mBUILD FAILURE[m
[[1;34mINFO[m] [1m------------------------------------------------------------------------[m
[[1;34mINFO[m] Total time:  0.262 s
[[1;34mINFO[m] Finished at: 2026-03-16T13:38:15+08:00
[[1;34mINFO[m] [1m------------------------------------------------------------------------[m
[[1;31mERROR[m] Failed to execute goal [32morg.apache.maven.plugins:maven-enforcer-plugin:3.5.0:enforce[m [1m(default-cli)[m on project [36maliyun-ons-spring-boot-starter[m: [1;31m[m
[[1;31mERROR[m] [1;31mRule 0: org.apache.maven.enforcer.rules.version.RequireMavenVersion failed with message:[m
[[1;31mERROR[m] [1;31mYou are running an older version of Maven. This application requires at least Maven 3.9.9.[m
[[1;31mERROR[m] -> [1m[Help 1][m
[[1;31mERROR[m] 
[[1;31mERROR[m] To see the full stack trace of the errors, re-run Maven with the [1m-e[m switch.
[[1;31mERROR[m] Re-run Maven using the [1m-X[m switch to enable full debug logging.
[[1;31mERROR[m] 
[[1;31mERROR[m] For more information about the errors and possible solutions, please read the following articles:
[[1;31mERROR[m] [1m[Help 1][m http://cwiki.apache.org/confluence/display/MAVEN/MojoExecutionException
[aliyun-ons-spring-boot-starter/3.1.x] 失败 - 查看日志
[[1;34mINFO[m] Scanning for projects...
[[1;34mINFO[m] 
[[1;34mINFO[m] [1m----------< [0;36mio.github.hiwepy:aliyun-ons-spring-boot-starter[0;1m >----------[m
[[1;34mINFO[m] [1mBuilding io.github.hiwepy:aliyun-ons-spring-boot-starter 3.2.x.20251227-SNAPSHOT[m
[[1;34mINFO[m] [1m--------------------------------[ jar ]---------------------------------[m
[[1;34mINFO[m] 
[[1;34mINFO[m] [1m--- [0;32mmaven-clean-plugin:3.4.0:clean[m [1m(default-clean)[m @ [36maliyun-ons-spring-boot-starter[0;1m ---[m
[[1;34mINFO[m] 
[[1;34mINFO[m] [1m--- [0;32mmaven-enforcer-plugin:3.5.0:enforce[m [1m(default-cli)[m @ [36maliyun-ons-spring-boot-starter[0;1m ---[m
[[1;34mINFO[m] Rule 1: org.apache.maven.enforcer.rules.version.RequireJavaVersion passed
[[1;34mINFO[m] [1m------------------------------------------------------------------------[m
[[1;34mINFO[m] [1;31mBUILD FAILURE[m
[[1;34mINFO[m] [1m------------------------------------------------------------------------[m
[[1;34mINFO[m] Total time:  0.276 s
[[1;34mINFO[m] Finished at: 2026-03-16T13:38:16+08:00
[[1;34mINFO[m] [1m------------------------------------------------------------------------[m
[[1;31mERROR[m] Failed to execute goal [32morg.apache.maven.plugins:maven-enforcer-plugin:3.5.0:enforce[m [1m(default-cli)[m on project [36maliyun-ons-spring-boot-starter[m: [1;31m[m
[[1;31mERROR[m] [1;31mRule 0: org.apache.maven.enforcer.rules.version.RequireMavenVersion failed with message:[m
[[1;31mERROR[m] [1;31mYou are running an older version of Maven. This application requires at least Maven 3.9.9.[m
[[1;31mERROR[m] -> [1m[Help 1][m
[[1;31mERROR[m] 
[[1;31mERROR[m] To see the full stack trace of the errors, re-run Maven with the [1m-e[m switch.
[[1;31mERROR[m] Re-run Maven using the [1m-X[m switch to enable full debug logging.
[[1;31mERROR[m] 
[[1;31mERROR[m] For more information about the errors and possible solutions, please read the following articles:
[[1;31mERROR[m] [1m[Help 1][m http://cwiki.apache.org/confluence/display/MAVEN/MojoExecutionException
[aliyun-ons-spring-boot-starter/3.2.x] 失败 - 查看日志
[[1;34mINFO[m] Scanning for projects...
[[1;34mINFO[m] 
[[1;34mINFO[m] [1m----------< [0;36mio.github.hiwepy:aliyun-ons-spring-boot-starter[0;1m >----------[m
[[1;34mINFO[m] [1mBuilding io.github.hiwepy:aliyun-ons-spring-boot-starter 3.3.x.20251227-SNAPSHOT[m
[[1;34mINFO[m] [1m--------------------------------[ jar ]---------------------------------[m
[[1;34mINFO[m] 
[[1;34mINFO[m] [1m--- [0;32mmaven-clean-plugin:3.4.0:clean[m [1m(default-clean)[m @ [36maliyun-ons-spring-boot-starter[0;1m ---[m
[[1;34mINFO[m] 
[[1;34mINFO[m] [1m--- [0;32mmaven-enforcer-plugin:3.5.0:enforce[m [1m(default-cli)[m @ [36maliyun-ons-spring-boot-starter[0;1m ---[m
[[1;34mINFO[m] Rule 1: org.apache.maven.enforcer.rules.version.RequireJavaVersion passed
[[1;34mINFO[m] [1m------------------------------------------------------------------------[m
[[1;34mINFO[m] [1;31mBUILD FAILURE[m
[[1;34mINFO[m] [1m------------------------------------------------------------------------[m
[[1;34mINFO[m] Total time:  0.301 s
[[1;34mINFO[m] Finished at: 2026-03-16T13:38:16+08:00
[[1;34mINFO[m] [1m------------------------------------------------------------------------[m
[[1;31mERROR[m] Failed to execute goal [32morg.apache.maven.plugins:maven-enforcer-plugin:3.5.0:enforce[m [1m(default-cli)[m on project [36maliyun-ons-spring-boot-starter[m: [1;31m[m
[[1;31mERROR[m] [1;31mRule 0: org.apache.maven.enforcer.rules.version.RequireMavenVersion failed with message:[m
[[1;31mERROR[m] [1;31mYou are running an older version of Maven. This application requires at least Maven 3.9.9.[m
[[1;31mERROR[m] -> [1m[Help 1][m
[[1;31mERROR[m] 
[[1;31mERROR[m] To see the full stack trace of the errors, re-run Maven with the [1m-e[m switch.
[[1;31mERROR[m] Re-run Maven using the [1m-X[m switch to enable full debug logging.
[[1;31mERROR[m] 
[[1;31mERROR[m] For more information about the errors and possible solutions, please read the following articles:
[[1;31mERROR[m] [1m[Help 1][m http://cwiki.apache.org/confluence/display/MAVEN/MojoExecutionException
[aliyun-ons-spring-boot-starter/3.3.x] 失败 - 查看日志
[[1;34mINFO[m] Scanning for projects...
[[1;34mINFO[m] 
[[1;34mINFO[m] [1m----------< [0;36mio.github.hiwepy:aliyun-ons-spring-boot-starter[0;1m >----------[m
[[1;34mINFO[m] [1mBuilding io.github.hiwepy:aliyun-ons-spring-boot-starter 3.4.x.20251227-SNAPSHOT[m
[[1;34mINFO[m] [1m--------------------------------[ jar ]---------------------------------[m
[[1;34mINFO[m] 
[[1;34mINFO[m] [1m--- [0;32mmaven-clean-plugin:3.4.0:clean[m [1m(default-clean)[m @ [36maliyun-ons-spring-boot-starter[0;1m ---[m
[[1;34mINFO[m] 
[[1;34mINFO[m] [1m--- [0;32mmaven-enforcer-plugin:3.5.0:enforce[m [1m(default-cli)[m @ [36maliyun-ons-spring-boot-starter[0;1m ---[m
[[1;34mINFO[m] Rule 1: org.apache.maven.enforcer.rules.version.RequireJavaVersion passed
[[1;34mINFO[m] [1m------------------------------------------------------------------------[m
[[1;34mINFO[m] [1;31mBUILD FAILURE[m
[[1;34mINFO[m] [1m------------------------------------------------------------------------[m
[[1;34mINFO[m] Total time:  0.375 s
[[1;34mINFO[m] Finished at: 2026-03-16T13:38:17+08:00
[[1;34mINFO[m] [1m------------------------------------------------------------------------[m
[[1;31mERROR[m] Failed to execute goal [32morg.apache.maven.plugins:maven-enforcer-plugin:3.5.0:enforce[m [1m(default-cli)[m on project [36maliyun-ons-spring-boot-starter[m: [1;31m[m
[[1;31mERROR[m] [1;31mRule 0: org.apache.maven.enforcer.rules.version.RequireMavenVersion failed with message:[m
[[1;31mERROR[m] [1;31mYou are running an older version of Maven. This application requires at least Maven 3.9.9.[m
[[1;31mERROR[m] -> [1m[Help 1][m
[[1;31mERROR[m] 
[[1;31mERROR[m] To see the full stack trace of the errors, re-run Maven with the [1m-e[m switch.
[[1;31mERROR[m] Re-run Maven using the [1m-X[m switch to enable full debug logging.
[[1;31mERROR[m] 
[[1;31mERROR[m] For more information about the errors and possible solutions, please read the following articles:
[[1;31mERROR[m] [1m[Help 1][m http://cwiki.apache.org/confluence/display/MAVEN/MojoExecutionException
[aliyun-ons-spring-boot-starter/3.4.x] 失败 - 查看日志
[[1;34mINFO[m] Scanning for projects...
[[1;34mINFO[m] 
[[1;34mINFO[m] [1m----------< [0;36mio.github.hiwepy:aliyun-ons-spring-boot-starter[0;1m >----------[m
[[1;34mINFO[m] [1mBuilding io.github.hiwepy:aliyun-ons-spring-boot-starter 3.5.x.20251227-SNAPSHOT[m
[[1;34mINFO[m] [1m--------------------------------[ jar ]---------------------------------[m
[[1;34mINFO[m] 
[[1;34mINFO[m] [1m--- [0;32mmaven-clean-plugin:3.4.0:clean[m [1m(default-clean)[m @ [36maliyun-ons-spring-boot-starter[0;1m ---[m
[[1;34mINFO[m] 
[[1;34mINFO[m] [1m--- [0;32mmaven-enforcer-plugin:3.5.0:enforce[m [1m(default-cli)[m @ [36maliyun-ons-spring-boot-starter[0;1m ---[m
[[1;34mINFO[m] Rule 1: org.apache.maven.enforcer.rules.version.RequireJavaVersion passed
[[1;34mINFO[m] [1m------------------------------------------------------------------------[m
[[1;34mINFO[m] [1;31mBUILD FAILURE[m
[[1;34mINFO[m] [1m------------------------------------------------------------------------[m
[[1;34mINFO[m] Total time:  0.509 s
[[1;34mINFO[m] Finished at: 2026-03-16T13:38:19+08:00
[[1;34mINFO[m] [1m------------------------------------------------------------------------[m
[[1;31mERROR[m] Failed to execute goal [32morg.apache.maven.plugins:maven-enforcer-plugin:3.5.0:enforce[m [1m(default-cli)[m on project [36maliyun-ons-spring-boot-starter[m: [1;31m[m
[[1;31mERROR[m] [1;31mRule 0: org.apache.maven.enforcer.rules.version.RequireMavenVersion failed with message:[m
[[1;31mERROR[m] [1;31mYou are running an older version of Maven. This application requires at least Maven 3.9.9.[m
[[1;31mERROR[m] -> [1m[Help 1][m
[[1;31mERROR[m] 
[[1;31mERROR[m] To see the full stack trace of the errors, re-run Maven with the [1m-e[m switch.
[[1;31mERROR[m] Re-run Maven using the [1m-X[m switch to enable full debug logging.
[[1;31mERROR[m] 
[[1;31mERROR[m] For more information about the errors and possible solutions, please read the following articles:
[[1;31mERROR[m] [1m[Help 1][m http://cwiki.apache.org/confluence/display/MAVEN/MojoExecutionException
[aliyun-ons-spring-boot-starter/3.5.x] 失败 - 查看日志
[[1;34mINFO[m] Scanning for projects...
[[1;34mINFO[m] 
[[1;34mINFO[m] [1m----------< [0;36mio.github.hiwepy:aliyun-ons-spring-boot-starter[0;1m >----------[m
[[1;34mINFO[m] [1mBuilding io.github.hiwepy:aliyun-ons-spring-boot-starter 4.0.x.20251227-SNAPSHOT[m
[[1;34mINFO[m] [1m--------------------------------[ jar ]---------------------------------[m
[[1;34mINFO[m] 
[[1;34mINFO[m] [1m--- [0;32mmaven-clean-plugin:3.4.0:clean[m [1m(default-clean)[m @ [36maliyun-ons-spring-boot-starter[0;1m ---[m
[[1;34mINFO[m] 
[[1;34mINFO[m] [1m--- [0;32mmaven-enforcer-plugin:3.5.0:enforce[m [1m(default-cli)[m @ [36maliyun-ons-spring-boot-starter[0;1m ---[m
[[1;34mINFO[m] Rule 1: org.apache.maven.enforcer.rules.version.RequireJavaVersion passed
[[1;34mINFO[m] [1m------------------------------------------------------------------------[m
[[1;34mINFO[m] [1;31mBUILD FAILURE[m
[[1;34mINFO[m] [1m------------------------------------------------------------------------[m
[[1;34mINFO[m] Total time:  0.501 s
[[1;34mINFO[m] Finished at: 2026-03-16T13:38:20+08:00
[[1;34mINFO[m] [1m------------------------------------------------------------------------[m
[[1;31mERROR[m] Failed to execute goal [32morg.apache.maven.plugins:maven-enforcer-plugin:3.5.0:enforce[m [1m(default-cli)[m on project [36maliyun-ons-spring-boot-starter[m: [1;31m[m
[[1;31mERROR[m] [1;31mRule 0: org.apache.maven.enforcer.rules.version.RequireMavenVersion failed with message:[m
[[1;31mERROR[m] [1;31mYou are running an older version of Maven. This application requires at least Maven 3.9.9.[m
[[1;31mERROR[m] -> [1m[Help 1][m
[[1;31mERROR[m] 
[[1;31mERROR[m] To see the full stack trace of the errors, re-run Maven with the [1m-e[m switch.
[[1;31mERROR[m] Re-run Maven using the [1m-X[m switch to enable full debug logging.
[[1;31mERROR[m] 
[[1;31mERROR[m] For more information about the errors and possible solutions, please read the following articles:
[[1;31mERROR[m] [1m[Help 1][m http://cwiki.apache.org/confluence/display/MAVEN/MojoExecutionException
[aliyun-ons-spring-boot-starter/4.0.x] 失败 - 查看日志
[[1;34mINFO[m] Scanning for projects...
[[1;34mINFO[m] 
[[1;34mINFO[m] [1m----------< [0;36mio.github.hiwepy:aliyun-ons-spring-boot-starter[0;1m >----------[m
[[1;34mINFO[m] [1mBuilding io.github.hiwepy:aliyun-ons-spring-boot-starter 2.0.1-SNAPSHOT[m
[[1;34mINFO[m] [1m--------------------------------[ jar ]---------------------------------[m
[[1;34mINFO[m] 
[[1;34mINFO[m] [1m--- [0;32mmaven-clean-plugin:3.1.0:clean[m [1m(default-clean)[m @ [36maliyun-ons-spring-boot-starter[0;1m ---[m
[[1;34mINFO[m] 
[[1;34mINFO[m] [1m--- [0;32mmaven-enforcer-plugin:3.0.0:enforce[m [1m(default-cli)[m @ [36maliyun-ons-spring-boot-starter[0;1m ---[m
[[1;34mINFO[m] 
[[1;34mINFO[m] [1m--- [0;32mmaven-resources-plugin:3.1.0:resources[m [1m(default-resources)[m @ [36maliyun-ons-spring-boot-starter[0;1m ---[m
[[1;34mINFO[m] Using 'UTF-8' encoding to copy filtered resources.
[[1;34mINFO[m] Copying 0 resource
[[1;34mINFO[m] Copying 2 resources
[[1;34mINFO[m] 
[[1;34mINFO[m] [1m--- [0;32mmaven-compiler-plugin:3.8.1:compile[m [1m(default-compile)[m @ [36maliyun-ons-spring-boot-starter[0;1m ---[m
[[1;34mINFO[m] Changes detected - recompiling the module!
[[1;34mINFO[m] Compiling 11 source files to /Users/wandl/workspaces/workspace-ddd4j/workspace-ddd4j-boot-starters/aliyun-ons-spring-boot-starter/target/classes
[[1;34mINFO[m] [1m------------------------------------------------------------------------[m
[[1;34mINFO[m] [1;31mBUILD FAILURE[m
[[1;34mINFO[m] [1m------------------------------------------------------------------------[m
[[1;34mINFO[m] Total time:  0.845 s
[[1;34mINFO[m] Finished at: 2026-03-16T13:38:21+08:00
[[1;34mINFO[m] [1m------------------------------------------------------------------------[m
[[1;31mERROR[m] Failed to execute goal [32morg.apache.maven.plugins:maven-compiler-plugin:3.8.1:compile[m [1m(default-compile)[m on project [36maliyun-ons-spring-boot-starter[m: [1;31mFatal error compiling[m: java.lang.NoSuchFieldError: Class com.sun.tools.javac.tree.JCTree$JCImport does not have member field 'com.sun.tools.javac.tree.JCTree qualid' -> [1m[Help 1][m
[[1;31mERROR[m] 
[[1;31mERROR[m] To see the full stack trace of the errors, re-run Maven with the [1m-e[m switch.
[[1;31mERROR[m] Re-run Maven using the [1m-X[m switch to enable full debug logging.
[[1;31mERROR[m] 
[[1;31mERROR[m] For more information about the errors and possible solutions, please read the following articles:
[[1;31mERROR[m] [1m[Help 1][m http://cwiki.apache.org/confluence/display/MAVEN/MojoExecutionException
[aliyun-ons-spring-boot-starter/master] 失败 - 查看日志
